[{
    "Fir": 2.3,
    "Foc": 7.0,
    "Hol": 2.1,
    "Imm": 9.0,
    "Lit": 2.5,
    "Mag": 3.1,
    "Name": "All-Knowing Gauntlets",
    "Phy": 3.2,
    "Poi": 4.0,
    "PoiPerWgt": 1.1428571428571428,
    "Robu": 15.0,
    "VSPie": 2.9,
    "VSSla": 3.3,
    "VSStr": 2.9,
    "Vita": 7.0,
    "Wgt": 3.5
},{
    "Fir": 2.9,
    "Foc": 22.0,
    "Hol": 3.2,
    "Imm": 13.0,
    "Lit": 3.1,
    "Mag": 3.2,
    "Name": "Alberich's Bracers",
    "Phy": 1.3,
    "Poi": 0.0,
    "PoiPerWgt": 0.0,
    "Robu": 8.0,
    "VSPie": 1.3,
    "VSSla": 1.3,
    "VSStr": 1.0,
    "Vita": 24.0,
    "Wgt": 1.4
},{
    "Fir": 3.1,
    "Foc": 24.0,
    "Hol": 3.1,
    "Imm": 14.0,
    "Lit": 3.2,
    "Mag": 3.2,
    "Name": "Astrologer Gloves",
    "Phy": 1.3,
    "Poi": 1.0,
    "PoiPerWgt": 0.7142857142857143,
    "Robu": 7.0,
    "VSPie": 1.0,
    "VSSla": 1.0,
    "VSStr": 1.0,
    "Vita": 21.0,
    "Wgt": 1.4
},{
    "Fir": 2.8,
    "Foc": 22.0,
    "Hol": 3.2,
    "Imm": 12.0,
    "Lit": 2.9,
    "Mag": 3.4,
    "Name": "Azur's Manchettes",
    "Phy": 1.0,
    "Poi": 0.0,
    "PoiPerWgt": 0.0,
    "Robu": 8.0,
    "VSPie": 0.6,
    "VSSla": 0.6,
    "VSStr": 0.1,
    "Vita": 20.0,
    "Wgt": 1.1
},{
    "Fir": 1.9,
    "Foc": 17.0,
    "Hol": 1.7,
    "Imm": 15.0,
    "Lit": 2.1,
    "Mag": 1.9,
    "Name": "Bandit Manchettes",
    "Phy": 1.5,
    "Poi": 0.0,
    "PoiPerWgt": 0.0,
    "Robu": 8.0,
    "VSPie": 1.7,
    "VSSla": 1.7,
    "VSStr": 1.6,
    "Vita": 17.0,
    "Wgt": 1.7
},{
    "Fir": 3.4,
    "Foc": 14.0,
    "Hol": 3.3,
    "Imm": 19.0,
    "Lit": 3.2,
    "Mag": 3.2,
    "Name": "Beast Champion Gauntlets",
    "Phy": 4.4,
    "Poi": 6.0,
    "PoiPerWgt": 1.0344827586206897,
    "Robu": 30.0,
    "VSPie": 4.6,
    "VSSla": 4.7,
    "VSStr": 4.1,
    "Vita": 13.0,
    "Wgt": 5.8
},{
    "Fir": 2.3,
    "Foc": 8.0,
    "Hol": 2.8,
    "Imm": 9.0,
    "Lit": 1.6,
    "Mag": 2.1,
    "Name": "Black Knife Gauntlets",
    "Phy": 2.8,
    "Poi": 3.0,
    "PoiPerWgt": 0.9677419354838709,
    "Robu": 15.0,
    "VSPie": 3.1,
    "VSSla": 3.1,
    "VSStr": 2.7,
    "Vita": 8.0,
    "Wgt": 3.1
},{
    "Fir": 3.2,
    "Foc": 7.0,
    "Hol": 2.5,
    "Imm": 11.0,
    "Lit": 1.9,
    "Mag": 2.5,
    "Name": "Blackflame Monk Gauntlets",
    "Phy": 3.3,
    "Poi": 4.0,
    "PoiPerWgt": 1.0256410256410258,
    "Robu": 18.0,
    "VSPie": 3.2,
    "VSSla": 3.6,
    "VSStr": 2.8,
    "Vita": 11.0,
    "Wgt": 3.9
},{
    "Fir": 2.5,
    "Foc": 8.0,
    "Hol": 2.5,
    "Imm": 11.0,
    "Lit": 1.7,
    "Mag": 2.3,
    "Name": "Bloodhound Knight Gauntlets",
    "Phy": 3.1,
    "Poi": 3.0,
    "PoiPerWgt": 0.8571428571428571,
    "Robu": 17.0,
    "VSPie": 3.3,
    "VSSla": 3.5,
    "VSStr": 2.8,
    "Vita": 8.0,
    "Wgt": 3.5
},{
    "Fir": 3.1,
    "Foc": 24.0,
    "Hol": 3.1,
    "Imm": 14.0,
    "Lit": 3.1,
    "Mag": 3.1,
    "Name": "Bloodsoaked Manchettes",
    "Phy": 1.3,
    "Poi": 0.0,
    "PoiPerWgt": 0.0,
    "Robu": 9.0,
    "VSPie": 0.6,
    "VSSla": 1.0,
    "VSStr": 1.5,
    "Vita": 22.0,
    "Wgt": 1.4
},{
    "Fir": 3.1,
    "Foc": 8.0,
    "Hol": 2.7,
    "Imm": 12.0,
    "Lit": 2.1,
    "Mag": 2.7,
    "Name": "Briar Gauntlets",
    "Phy": 3.2,
    "Poi": 3.0,
    "PoiPerWgt": 0.7692307692307693,
    "Robu": 24.0,
    "VSPie": 3.1,
    "VSSla": 3.3,
    "VSStr": 2.8,
    "Vita": 8.0,
    "Wgt": 3.9
},{
    "Fir": 3.3,
    "Foc": 15.0,
    "Hol": 3.2,
    "Imm": 24.0,
    "Lit": 3.7,
    "Mag": 3.3,
    "Name": "Bull-Goat Gauntlets",
    "Phy": 5.2,
    "Poi": 10.0,
    "PoiPerWgt": 1.1363636363636362,
    "Robu": 28.0,
    "VSPie": 4.6,
    "VSSla": 4.6,
    "VSStr": 5.2,
    "Vita": 18.0,
    "Wgt": 8.8
},{
    "Fir": 2.9,
    "Foc": 7.0,
    "Hol": 2.9,
    "Imm": 9.0,
    "Lit": 2.3,
    "Mag": 3.1,
    "Name": "Carian Knight Gauntlets",
    "Phy": 2.9,
    "Poi": 3.0,
    "PoiPerWgt": 0.8571428571428571,
    "Robu": 15.0,
    "VSPie": 2.9,
    "VSSla": 3.1,
    "VSStr": 2.7,
    "Vita": 8.0,
    "Wgt": 3.5
},{
    "Fir": 2.7,
    "Foc": 4.0,
    "Hol": 1.9,
    "Imm": 8.0,
    "Lit": 1.5,
    "Mag": 1.7,
    "Name": "Chain Gauntlets",
    "Phy": 2.9,
    "Poi": 3.0,
    "PoiPerWgt": 1.0344827586206897,
    "Robu": 14.0,
    "VSPie": 2.9,
    "VSSla": 3.2,
    "VSStr": 2.1,
    "Vita": 6.0,
    "Wgt": 2.9
},{
    "Fir": 2.3,
    "Foc": 14.0,
    "Hol": 2.3,
    "Imm": 17.0,
    "Lit": 2.5,
    "Mag": 1.9,
    "Name": "Champion Bracers",
    "Phy": 1.6,
    "Poi": 1.0,
    "PoiPerWgt": 0.47619047619047616,
    "Robu": 11.0,
    "VSPie": 1.9,
    "VSSla": 1.7,
    "VSStr": 2.1,
    "Vita": 13.0,
    "Wgt": 2.1
},{
    "Fir": 3.2,
    "Foc": 9.0,
    "Hol": 3.3,
    "Imm": 21.0,
    "Lit": 2.8,
    "Mag": 3.1,
    "Name": "Cleanrot Gauntlets",
    "Phy": 3.6,
    "Poi": 5.0,
    "PoiPerWgt": 1.0,
    "Robu": 22.0,
    "VSPie": 4.4,
    "VSSla": 4.0,
    "VSStr": 3.3,
    "Vita": 11.0,
    "Wgt": 5.0
},{
    "Fir": 2.8,
    "Foc": 17.0,
    "Hol": 2.5,
    "Imm": 21.0,
    "Lit": 3.1,
    "Mag": 2.8,
    "Name": "Confessor Gloves",
    "Phy": 2.1,
    "Poi": 1.0,
    "PoiPerWgt": 0.35714285714285715,
    "Robu": 17.0,
    "VSPie": 2.3,
    "VSSla": 2.1,
    "VSStr": 2.7,
    "Vita": 18.0,
    "Wgt": 2.8
},{
    "Fir": 3.2,
    "Foc": 12.0,
    "Hol": 3.3,
    "Imm": 17.0,
    "Lit": 2.8,
    "Mag": 3.2,
    "Name": "Crucible Gauntlets",
    "Phy": 4.4,
    "Poi": 6.0,
    "PoiPerWgt": 1.1538461538461537,
    "Robu": 24.0,
    "VSPie": 4.2,
    "VSSla": 4.2,
    "VSStr": 3.4,
    "Vita": 12.0,
    "Wgt": 5.2
},{
    "Fir": 2.8,
    "Foc": 6.0,
    "Hol": 1.9,
    "Imm": 11.0,
    "Lit": 1.7,
    "Mag": 2.1,
    "Name": "Elden Lord Bracers",
    "Phy": 2.9,
    "Poi": 3.0,
    "PoiPerWgt": 0.9677419354838709,
    "Robu": 18.0,
    "VSPie": 3.1,
    "VSSla": 2.8,
    "VSStr": 2.7,
    "Vita": 7.0,
    "Wgt": 3.1
},{
    "Fir": 2.5,
    "Foc": 6.0,
    "Hol": 2.1,
    "Imm": 8.0,
    "Lit": 1.5,
    "Mag": 1.7,
    "Name": "Exile Gauntlets",
    "Phy": 2.9,
    "Poi": 3.0,
    "PoiPerWgt": 1.0344827586206897,
    "Robu": 17.0,
    "VSPie": 2.9,
    "VSSla": 3.1,
    "VSStr": 2.1,
    "Vita": 4.0,
    "Wgt": 2.9
},{
    "Fir": 3.1,
    "Foc": 21.0,
    "Hol": 3.2,
    "Imm": 11.0,
    "Lit": 2.9,
    "Mag": 3.2,
    "Name": "Errant Sorcerer Manchettes",
    "Phy": 0.6,
    "Poi": 0.0,
    "PoiPerWgt": 0.0,
    "Robu": 7.0,
    "VSPie": 0.6,
    "VSSla": 1.3,
    "VSStr": 0.6,
    "Vita": 22.0,
    "Wgt": 1.1
},{
    "Fir": 3.3,
    "Foc": 8.0,
    "Hol": 2.3,
    "Imm": 11.0,
    "Lit": 2.3,
    "Mag": 2.7,
    "Name": "Fire Monk Gauntlets",
    "Phy": 3.5,
    "Poi": 4.0,
    "PoiPerWgt": 1.0256410256410258,
    "Robu": 18.0,
    "VSPie": 3.1,
    "VSSla": 3.3,
    "VSStr": 3.1,
    "Vita": 8.0,
    "Wgt": 3.9
},{
    "Fir": 2.7,
    "Foc": 17.0,
    "Hol": 2.5,
    "Imm": 20.0,
    "Lit": 2.8,
    "Mag": 2.5,
    "Name": "Foot Soldier Gauntlets",
    "Phy": 2.1,
    "Poi": 1.0,
    "PoiPerWgt": 0.3846153846153846,
    "Robu": 13.0,
    "VSPie": 2.1,
    "VSSla": 2.1,
    "VSStr": 2.3,
    "Vita": 17.0,
    "Wgt": 2.6
},{
    "Fir": 3.1,
    "Foc": 8.0,
    "Hol": 2.7,
    "Imm": 12.0,
    "Lit": 2.5,
    "Mag": 2.7,
    "Name": "Gelmir Knight Gauntlets",
    "Phy": 3.3,
    "Poi": 4.0,
    "PoiPerWgt": 1.0256410256410258,
    "Robu": 18.0,
    "VSPie": 3.3,
    "VSSla": 3.5,
    "VSStr": 2.8,
    "Vita": 8.0,
    "Wgt": 3.9
},{
    "Fir": 2.9,
    "Foc": 8.0,
    "Hol": 2.7,
    "Imm": 12.0,
    "Lit": 2.3,
    "Mag": 2.7,
    "Name": "Godrick Knight Gauntlets",
    "Phy": 3.3,
    "Poi": 4.0,
    "PoiPerWgt": 1.0256410256410258,
    "Robu": 19.0,
    "VSPie": 3.2,
    "VSSla": 3.5,
    "VSStr": 2.9,
    "Vita": 8.0,
    "Wgt": 3.9
},{
    "Fir": 3.1,
    "Foc": 28.0,
    "Hol": 3.6,
    "Imm": 17.0,
    "Lit": 3.2,
    "Mag": 3.2,
    "Name": "Godskin Apostle Bracelets",
    "Phy": 1.7,
    "Poi": 1.0,
    "PoiPerWgt": 0.47619047619047616,
    "Robu": 8.0,
    "VSPie": 1.3,
    "VSSla": 1.6,
    "VSStr": 1.6,
    "Vita": 25.0,
    "Wgt": 2.1
},{
    "Fir": 2.5,
    "Foc": 8.0,
    "Hol": 2.5,
    "Imm": 11.0,
    "Lit": 1.9,
    "Mag": 2.3,
    "Name": "Haligtree Gauntlets",
    "Phy": 3.2,
    "Poi": 3.0,
    "PoiPerWgt": 0.8571428571428571,
    "Robu": 18.0,
    "VSPie": 3.2,
    "VSSla": 3.1,
    "VSStr": 2.9,
    "Vita": 8.0,
    "Wgt": 3.5
},{
    "Fir": 2.7,
    "Foc": 17.0,
    "Hol": 2.5,
    "Imm": 19.0,
    "Lit": 2.8,
    "Mag": 2.7,
    "Name": "Highwayman Gauntlets",
    "Phy": 1.9,
    "Poi": 1.0,
    "PoiPerWgt": 0.3846153846153846,
    "Robu": 12.0,
    "VSPie": 2.1,
    "VSSla": 1.9,
    "VSStr": 2.5,
    "Vita": 17.0,
    "Wgt": 2.6
},{
    "Fir": 2.9,
    "Foc": 8.0,
    "Hol": 2.5,
    "Imm": 13.0,
    "Lit": 2.5,
    "Mag": 2.7,
    "Name": "Hoslow's Gauntlets",
    "Phy": 3.5,
    "Poi": 4.0,
    "PoiPerWgt": 1.0256410256410258,
    "Robu": 20.0,
    "VSPie": 3.1,
    "VSSla": 3.3,
    "VSStr": 2.9,
    "Vita": 8.0,
    "Wgt": 3.9
},{
    "Fir": 2.1,
    "Foc": 6.0,
    "Hol": 1.9,
    "Imm": 8.0,
    "Lit": 1.7,
    "Mag": 1.9,
    "Name": "Kaiden Gauntlets",
    "Phy": 2.9,
    "Poi": 3.0,
    "PoiPerWgt": 1.0344827586206897,
    "Robu": 15.0,
    "VSPie": 2.9,
    "VSSla": 2.9,
    "VSStr": 2.1,
    "Vita": 6.0,
    "Wgt": 2.9
},{
    "Fir": 2.7,
    "Foc": 6.0,
    "Hol": 2.1,
    "Imm": 9.0,
    "Lit": 2.3,
    "Mag": 2.7,
    "Name": "Knight Gauntlets",
    "Phy": 3.1,
    "Poi": 4.0,
    "PoiPerWgt": 1.1428571428571428,
    "Robu": 17.0,
    "VSPie": 3.3,
    "VSSla": 3.3,
    "VSStr": 2.9,
    "Vita": 6.0,
    "Wgt": 3.5
},{
    "Fir": 2.8,
    "Foc": 17.0,
    "Hol": 2.7,
    "Imm": 20.0,
    "Lit": 2.9,
    "Mag": 2.5,
    "Name": "Land of Reeds Gauntlets",
    "Phy": 2.1,
    "Poi": 1.0,
    "PoiPerWgt": 0.35714285714285715,
    "Robu": 17.0,
    "VSPie": 2.3,
    "VSSla": 2.9,
    "VSStr": 2.3,
    "Vita": 18.0,
    "Wgt": 2.8
},{
    "Fir": 2.8,
    "Foc": 8.0,
    "Hol": 2.7,
    "Imm": 12.0,
    "Lit": 2.5,
    "Mag": 2.5,
    "Name": "Leyndell Knight Gauntlets",
    "Phy": 3.3,
    "Poi": 4.0,
    "PoiPerWgt": 1.0256410256410258,
    "Robu": 19.0,
    "VSPie": 3.3,
    "VSSla": 3.3,
    "VSStr": 3.1,
    "Vita": 8.0,
    "Wgt": 3.9
},{
    "Fir": 2.5,
    "Foc": 8.0,
    "Hol": 2.3,
    "Imm": 11.0,
    "Lit": 2.1,
    "Mag": 2.3,
    "Name": "Leyndell Soldier Gauntlets",
    "Phy": 3.2,
    "Poi": 4.0,
    "PoiPerWgt": 1.1428571428571428,
    "Robu": 18.0,
    "VSPie": 3.2,
    "VSSla": 3.1,
    "VSStr": 2.9,
    "Vita": 8.0,
    "Wgt": 3.5
},{
    "Fir": 3.7,
    "Foc": 14.0,
    "Hol": 3.3,
    "Imm": 21.0,
    "Lit": 3.2,
    "Mag": 3.3,
    "Name": "Lionel's Gauntlets",
    "Phy": 4.4,
    "Poi": 8.0,
    "PoiPerWgt": 1.1267605633802817,
    "Robu": 33.0,
    "VSPie": 5.0,
    "VSSla": 4.9,
    "VSStr": 4.1,
    "Vita": 17.0,
    "Wgt": 7.1
},{
    "Fir": 3.2,
    "Foc": 13.0,
    "Hol": 3.2,
    "Imm": 19.0,
    "Lit": 3.4,
    "Mag": 3.2,
    "Name": "Malformed Dragon Gauntlets",
    "Phy": 4.2,
    "Poi": 6.0,
    "PoiPerWgt": 1.1320754716981132,
    "Robu": 25.0,
    "VSPie": 4.2,
    "VSSla": 4.4,
    "VSStr": 3.7,
    "Vita": 13.0,
    "Wgt": 5.3
},{
    "Fir": 2.8,
    "Foc": 8.0,
    "Hol": 3.2,
    "Imm": 12.0,
    "Lit": 2.3,
    "Mag": 2.7,
    "Name": "Maliketh's Gauntlets",
    "Phy": 3.3,
    "Poi": 4.0,
    "PoiPerWgt": 0.9302325581395349,
    "Robu": 19.0,
    "VSPie": 3.3,
    "VSSla": 3.5,
    "VSStr": 2.9,
    "Vita": 17.0,
    "Wgt": 4.3
},{
    "Fir": 1.3,
    "Foc": 30.0,
    "Hol": 3.2,
    "Imm": 34.0,
    "Lit": 3.2,
    "Mag": 3.3,
    "Name": "Mushroom Arms",
    "Phy": 1.5,
    "Poi": 0.0,
    "PoiPerWgt": 0.0,
    "Robu": 8.0,
    "VSPie": 1.3,
    "VSSla": 0.6,
    "VSStr": 1.7,
    "Vita": 25.0,
    "Wgt": 1.7
},{
    "Fir": 3.3,
    "Foc": 25.0,
    "Hol": 3.3,
    "Imm": 15.0,
    "Lit": 3.2,
    "Mag": 3.3,
    "Name": "Noble's Gloves",
    "Phy": 1.5,
    "Poi": 1.0,
    "PoiPerWgt": 0.47619047619047616,
    "Robu": 8.0,
    "VSPie": 1.6,
    "VSSla": 1.5,
    "VSStr": 1.6,
    "Vita": 28.0,
    "Wgt": 2.1
},{
    "Fir": 2.3,
    "Foc": 15.0,
    "Hol": 2.5,
    "Imm": 22.0,
    "Lit": 2.8,
    "Mag": 2.1,
    "Name": "Omenkiller Long Gloves",
    "Phy": 2.1,
    "Poi": 1.0,
    "PoiPerWgt": 0.4166666666666667,
    "Robu": 9.0,
    "VSPie": 1.7,
    "VSSla": 1.7,
    "VSStr": 1.9,
    "Vita": 15.0,
    "Wgt": 2.4
},{
    "Fir": 2.3,
    "Foc": 6.0,
    "Hol": 1.9,
    "Imm": 8.0,
    "Lit": 1.5,
    "Mag": 2.1,
    "Name": "Iron Gauntlets",
    "Phy": 2.8,
    "Poi": 3.0,
    "PoiPerWgt": 1.0344827586206897,
    "Robu": 15.0,
    "VSPie": 2.9,
    "VSSla": 2.9,
    "VSStr": 2.3,
    "Vita": 4.0,
    "Wgt": 2.9
},{
    "Fir": 2.9,
    "Foc": 21.0,
    "Hol": 3.2,
    "Imm": 20.0,
    "Lit": 3.1,
    "Mag": 3.2,
    "Name": "Perfumer Gloves",
    "Phy": 1.0,
    "Poi": 0.0,
    "PoiPerWgt": 0.0,
    "Robu": 5.0,
    "VSPie": 1.0,
    "VSSla": 1.3,
    "VSStr": 1.5,
    "Vita": 22.0,
    "Wgt": 1.4
},{
    "Fir": 3.3,
    "Foc": 28.0,
    "Hol": 3.2,
    "Imm": 17.0,
    "Lit": 3.2,
    "Mag": 3.6,
    "Name": "Preceptor's Gloves",
    "Phy": 1.5,
    "Poi": 1.0,
    "PoiPerWgt": 0.47619047619047616,
    "Robu": 8.0,
    "VSPie": 1.5,
    "VSSla": 1.5,
    "VSStr": 1.6,
    "Vita": 25.0,
    "Wgt": 2.1
},{
    "Fir": 3.1,
    "Foc": 24.0,
    "Hol": 3.3,
    "Imm": 14.0,
    "Lit": 3.2,
    "Mag": 3.4,
    "Name": "Queen's Bracelets",
    "Phy": 1.5,
    "Poi": 0.0,
    "PoiPerWgt": 0.0,
    "Robu": 8.0,
    "VSPie": 1.0,
    "VSSla": 1.3,
    "VSStr": 1.3,
    "Vita": 28.0,
    "Wgt": 1.7
},{
    "Fir": 3.5,
    "Foc": 14.0,
    "Hol": 3.3,
    "Imm": 20.0,
    "Lit": 3.1,
    "Mag": 3.3,
    "Name": "Radahn's Gauntlets",
    "Phy": 4.7,
    "Poi": 6.0,
    "PoiPerWgt": 1.0344827586206897,
    "Robu": 33.0,
    "VSPie": 4.4,
    "VSSla": 4.6,
    "VSStr": 3.7,
    "Vita": 13.0,
    "Wgt": 5.8
},{
    "Fir": 2.8,
    "Foc": 6.0,
    "Hol": 2.3,
    "Imm": 11.0,
    "Lit": 1.7,
    "Mag": 2.5,
    "Name": "Raging Wolf Gauntlets",
    "Phy": 3.3,
    "Poi": 3.0,
    "PoiPerWgt": 0.8571428571428571,
    "Robu": 19.0,
    "VSPie": 3.2,
    "VSSla": 3.3,
    "VSStr": 2.9,
    "Vita": 6.0,
    "Wgt": 3.5
},{
    "Fir": 2.7,
    "Foc": 8.0,
    "Hol": 2.1,
    "Imm": 11.0,
    "Lit": 1.7,
    "Mag": 2.7,
    "Name": "Raya Lucarian Gauntlets",
    "Phy": 3.2,
    "Poi": 4.0,
    "PoiPerWgt": 1.1428571428571428,
    "Robu": 18.0,
    "VSPie": 3.2,
    "VSSla": 3.3,
    "VSStr": 2.7,
    "Vita": 8.0,
    "Wgt": 3.5
},{
    "Fir": 3.5,
    "Foc": 13.0,
    "Hol": 3.3,
    "Imm": 19.0,
    "Lit": 3.2,
    "Mag": 3.3,
    "Name": "Scaled Gauntlets",
    "Phy": 4.0,
    "Poi": 6.0,
    "PoiPerWgt": 1.1320754716981132,
    "Robu": 28.0,
    "VSPie": 4.0,
    "VSSla": 4.2,
    "VSStr": 3.4,
    "Vita": 13.0,
    "Wgt": 5.3
},{
    "Fir": 3.1,
    "Foc": 21.0,
    "Hol": 3.1,
    "Imm": 13.0,
    "Lit": 2.9,
    "Mag": 3.2,
    "Name": "Sorcerer Manchettes",
    "Phy": 1.0,
    "Poi": 0.0,
    "PoiPerWgt": 0.0,
    "Robu": 4.0,
    "VSPie": 0.1,
    "VSSla": 1.3,
    "VSStr": 1.3,
    "Vita": 20.0,
    "Wgt": 1.1
},{
    "Fir": 3.2,
    "Foc": 25.0,
    "Hol": 3.3,
    "Imm": 15.0,
    "Lit": 3.2,
    "Mag": 3.3,
    "Name": "Traveling Maiden Gloves",
    "Phy": 1.3,
    "Poi": 1.0,
    "PoiPerWgt": 0.5882352941176471,
    "Robu": 8.0,
    "VSPie": 1.0,
    "VSSla": 1.5,
    "VSStr": 1.5,
    "Vita": 28.0,
    "Wgt": 1.7
},{
    "Fir": 2.8,
    "Foc": 7.0,
    "Hol": 2.5,
    "Imm": 11.0,
    "Lit": 2.1,
    "Mag": 2.8,
    "Name": "Twinned Gauntlets",
    "Phy": 3.3,
    "Poi": 4.0,
    "PoiPerWgt": 1.0256410256410258,
    "Robu": 18.0,
    "VSPie": 2.9,
    "VSSla": 3.6,
    "VSStr": 3.1,
    "Vita": 18.0,
    "Wgt": 3.9
},{
    "Fir": 2.7,
    "Foc": 17.0,
    "Hol": 2.3,
    "Imm": 21.0,
    "Lit": 2.9,
    "Mag": 2.5,
    "Name": "Warrior Gauntlets",
    "Phy": 2.3,
    "Poi": 1.0,
    "PoiPerWgt": 0.3846153846153846,
    "Robu": 14.0,
    "VSPie": 1.9,
    "VSSla": 1.9,
    "VSStr": 2.3,
    "Vita": 17.0,
    "Wgt": 2.6
},{
    "Fir": 2.7,
    "Foc": 8.0,
    "Hol": 2.1,
    "Imm": 12.0,
    "Lit": 2.1,
    "Mag": 2.5,
    "Name": "Vagabond Knight Gauntlets",
    "Phy": 3.3,
    "Poi": 3.0,
    "PoiPerWgt": 0.8571428571428571,
    "Robu": 19.0,
    "VSPie": 2.9,
    "VSSla": 3.1,
    "VSStr": 2.8,
    "Vita": 8.0,
    "Wgt": 3.5
},{
    "Fir": 3.5,
    "Foc": 15.0,
    "Hol": 3.3,
    "Imm": 21.0,
    "Lit": 3.2,
    "Mag": 3.3,
    "Name": "Veteran's Gauntlets",
    "Phy": 4.7,
    "Poi": 8.0,
    "PoiPerWgt": 1.2698412698412698,
    "Robu": 30.0,
    "VSPie": 4.4,
    "VSSla": 4.7,
    "VSStr": 4.3,
    "Vita": 15.0,
    "Wgt": 6.3
},{
    "Fir": 2.1,
    "Foc": 14.0,
    "Hol": 2.1,
    "Imm": 20.0,
    "Lit": 2.3,
    "Mag": 2.1,
    "Name": "Vulgar Militia Gauntlets",
    "Phy": 1.7,
    "Poi": 1.0,
    "PoiPerWgt": 0.47619047619047616,
    "Robu": 9.0,
    "VSPie": 1.6,
    "VSSla": 1.9,
    "VSStr": 2.1,
    "Vita": 14.0,
    "Wgt": 2.1
},{
    "Fir": 2.7,
    "Foc": 18.0,
    "Hol": 2.5,
    "Imm": 22.0,
    "Lit": 2.9,
    "Mag": 2.7,
    "Name": "White Reed Gauntlets",
    "Phy": 2.3,
    "Poi": 2.0,
    "PoiPerWgt": 0.7142857142857143,
    "Robu": 14.0,
    "VSPie": 2.1,
    "VSSla": 2.8,
    "VSStr": 2.5,
    "Vita": 17.0,
    "Wgt": 2.8
},{
    "Fir": 1.9,
    "Foc": 0.0,
    "Hol": 1.7,
    "Imm": 6.0,
    "Lit": 1.3,
    "Mag": 1.9,
    "Name": "Zamor Bracelets",
    "Phy": 2.8,
    "Poi": 3.0,
    "PoiPerWgt": 1.0714285714285714,
    "Robu": 20.0,
    "VSPie": 2.5,
    "VSSla": 2.9,
    "VSStr": 2.1,
    "Vita": 4.0,
    "Wgt": 2.8
},{
    "Fir": 3.3,
    "Foc": 13.0,
    "Hol": 3.3,
    "Imm": 20.0,
    "Lit": 3.2,
    "Mag": 3.3,
    "Name": "Banished Knight Gauntlets",
    "Phy": 4.7,
    "Poi": 6.0,
    "PoiPerWgt": 1.0344827586206897,
    "Robu": 28.0,
    "VSPie": 4.4,
    "VSSla": 4.9,
    "VSStr": 3.7,
    "Vita": 14.0,
    "Wgt": 5.8
},{
    "Fir": 2.8,
    "Foc": 20.0,
    "Hol": 3.1,
    "Imm": 13.0,
    "Lit": 2.9,
    "Mag": 3.2,
    "Name": "Battlemage Manchettes",
    "Phy": 1.0,
    "Poi": 0.0,
    "PoiPerWgt": 0.0,
    "Robu": 7.0,
    "VSPie": 1.0,
    "VSSla": 0.6,
    "VSStr": 1.3,
    "Vita": 22.0,
    "Wgt": 1.1
},{
    "Fir": 3.2,
    "Foc": 8.0,
    "Hol": 2.9,
    "Imm": 13.0,
    "Lit": 2.7,
    "Mag": 2.8,
    "Name": "Blaidd's Gauntlets",
    "Phy": 3.6,
    "Poi": 5.0,
    "PoiPerWgt": 1.0869565217391306,
    "Robu": 21.0,
    "VSPie": 3.8,
    "VSSla": 3.6,
    "VSStr": 3.2,
    "Vita": 8.0,
    "Wgt": 4.6
},{
    "Fir": 1.6,
    "Foc": 1.6,
    "Hol": 1.0,
    "Imm": 4.0,
    "Lit": 1.0,
    "Mag": 1.9,
    "Name": "Blue Silver Bracelets",
    "Phy": 2.3,
    "Poi": 1.0,
    "PoiPerWgt": 0.47619047619047616,
    "Robu": 14.0,
    "VSPie": 1.9,
    "VSSla": 2.5,
    "VSStr": 1.5,
    "Vita": 4.0,
    "Wgt": 2.1
},{
    "Fir": 2.9,
    "Foc": 8.0,
    "Hol": 2.5,
    "Imm": 11.0,
    "Lit": 2.1,
    "Mag": 3.1,
    "Name": "Cuckoo Knight Gauntlets",
    "Phy": 3.3,
    "Poi": 4.0,
    "PoiPerWgt": 1.0256410256410258,
    "Robu": 19.0,
    "VSPie": 3.3,
    "VSSla": 3.6,
    "VSStr": 2.8,
    "Vita": 8.0,
    "Wgt": 3.9
},{
    "Fir": 3.1,
    "Foc": 20.0,
    "Hol": 3.1,
    "Imm": 23.0,
    "Lit": 3.1,
    "Mag": 3.2,
    "Name": "Depraved Perfumer Gloves",
    "Phy": 1.5,
    "Poi": 1.0,
    "PoiPerWgt": 0.5,
    "Robu": 8.0,
    "VSPie": 1.2,
    "VSSla": 1.4,
    "VSStr": 1.5,
    "Vita": 28.0,
    "Wgt": 2.0
},{
    "Fir": 2.8,
    "Foc": 7.0,
    "Hol": 2.5,
    "Imm": 8.0,
    "Lit": 2.1,
    "Mag": 2.5,
    "Name": "Drake Knight Gauntlets",
    "Phy": 2.8,
    "Poi": 3.0,
    "PoiPerWgt": 0.9677419354838709,
    "Robu": 15.0,
    "VSPie": 2.8,
    "VSSla": 2.9,
    "VSStr": 2.3,
    "Vita": 7.0,
    "Wgt": 3.1
},{
    "Fir": 2.3,
    "Foc": 6.0,
    "Hol": 1.9,
    "Imm": 8.0,
    "Lit": 1.5,
    "Mag": 2.1,
    "Name": "Eccentric's Manchettes",
    "Phy": 2.9,
    "Poi": 3.0,
    "PoiPerWgt": 1.0344827586206897,
    "Robu": 18.0,
    "VSPie": 2.9,
    "VSSla": 2.8,
    "VSStr": 2.1,
    "Vita": 4.0,
    "Wgt": 2.9
},{
    "Fir": 3.1,
    "Foc": 4.0,
    "Hol": 2.3,
    "Imm": 11.0,
    "Lit": 1.6,
    "Mag": 2.3,
    "Name": "Fingerprint Gauntlets",
    "Phy": 3.3,
    "Poi": 4.0,
    "PoiPerWgt": 1.1428571428571428,
    "Robu": 20.0,
    "VSPie": 2.9,
    "VSSla": 2.9,
    "VSStr": 2.9,
    "Vita": 8.0,
    "Wgt": 3.5
},{
    "Fir": 5.0,
    "Foc": 30.0,
    "Hol": 3.3,
    "Imm": 22.0,
    "Lit": 3.2,
    "Mag": 3.3,
    "Name": "Fire Prelate Gauntlets",
    "Phy": 4.9,
    "Poi": 9.0,
    "PoiPerWgt": 1.0975609756097562,
    "Robu": 21.0,
    "VSPie": 4.6,
    "VSSla": 4.6,
    "VSStr": 4.3,
    "Vita": 17.0,
    "Wgt": 8.2
},{
    "Fir": 2.7,
    "Foc": 8.0,
    "Hol": 2.3,
    "Imm": 11.0,
    "Lit": 1.9,
    "Mag": 2.5,
    "Name": "Godrick Soldier Gauntlets",
    "Phy": 3.2,
    "Poi": 4.0,
    "PoiPerWgt": 1.1428571428571428,
    "Robu": 18.0,
    "VSPie": 3.1,
    "VSSla": 3.2,
    "VSStr": 2.8,
    "Vita": 8.0,
    "Wgt": 3.5
},{
    "Fir": 2.9,
    "Foc": 24.0,
    "Hol": 3.4,
    "Imm": 14.0,
    "Lit": 3.1,
    "Mag": 3.2,
    "Name": "Godskin Noble Bracelets",
    "Phy": 1.3,
    "Poi": 1.0,
    "PoiPerWgt": 0.5882352941176471,
    "Robu": 8.0,
    "VSPie": 1.3,
    "VSSla": 1.5,
    "VSStr": 2.1,
    "Vita": 25.0,
    "Wgt": 1.7
},{
    "Fir": 2.8,
    "Foc": 20.0,
    "Hol": 3.2,
    "Imm": 13.0,
    "Lit": 2.9,
    "Mag": 2.9,
    "Name": "Gold Bracelets",
    "Phy": 1.0,
    "Poi": 0.0,
    "PoiPerWgt": 0.0,
    "Robu": 4.0,
    "VSPie": 0.1,
    "VSSla": 0.6,
    "VSStr": 0.6,
    "Vita": 20.0,
    "Wgt": 0.8
},{
    "Fir": 2.8,
    "Foc": 20.0,
    "Hol": 2.9,
    "Imm": 25.0,
    "Lit": 2.9,
    "Mag": 2.9,
    "Name": "Guardian Bracers",
    "Phy": 2.7,
    "Poi": 1.0,
    "PoiPerWgt": 0.3448275862068966,
    "Robu": 17.0,
    "VSPie": 2.3,
    "VSSla": 2.5,
    "VSStr": 2.5,
    "Vita": 19.0,
    "Wgt": 2.9
},{
    "Fir": 2.8,
    "Foc": 8.0,
    "Hol": 2.8,
    "Imm": 12.0,
    "Lit": 2.3,
    "Mag": 2.5,
    "Name": "Haligtree Knight Gauntlets",
    "Phy": 3.3,
    "Poi": 4.0,
    "PoiPerWgt": 1.0256410256410258,
    "Robu": 19.0,
    "VSPie": 3.3,
    "VSSla": 3.3,
    "VSStr": 3.1,
    "Vita": 8.0,
    "Wgt": 3.9
},{
    "Fir": 2.3,
    "Foc": 14.0,
    "Hol": 2.5,
    "Imm": 20.0,
    "Lit": 2.5,
    "Mag": 2.3,
    "Name": "Leather Gloves",
    "Phy": 1.9,
    "Poi": 1.0,
    "PoiPerWgt": 0.4166666666666667,
    "Robu": 12.0,
    "VSPie": 2.1,
    "VSSla": 1.9,
    "VSStr": 2.3,
    "Vita": 17.0,
    "Wgt": 2.4
},{
    "Fir": 2.8,
    "Foc": 20.0,
    "Hol": 3.1,
    "Imm": 12.0,
    "Lit": 3.1,
    "Mag": 3.4,
    "Name": "Lusat's Manchettes",
    "Phy": 1.3,
    "Poi": 0.0,
    "PoiPerWgt": 0.0,
    "Robu": 6.0,
    "VSPie": 0.1,
    "VSSla": 1.3,
    "VSStr": 0.1,
    "Vita": 22.0,
    "Wgt": 1.1
},{
    "Fir": 2.3,
    "Foc": 6.0,
    "Hol": 2.7,
    "Imm": 17.0,
    "Lit": 1.6,
    "Mag": 1.9,
    "Name": "Malenia's Gauntlet",
    "Phy": 3.1,
    "Poi": 3.0,
    "PoiPerWgt": 0.9677419354838709,
    "Robu": 14.0,
    "VSPie": 2.8,
    "VSSla": 3.2,
    "VSStr": 2.3,
    "Vita": 6.0,
    "Wgt": 3.1
},{
    "Fir": 2.5,
    "Foc": 8.0,
    "Hol": 2.5,
    "Imm": 11.0,
    "Lit": 2.1,
    "Mag": 2.5,
    "Name": "Mausoleum Gauntlets",
    "Phy": 3.2,
    "Poi": 4.0,
    "PoiPerWgt": 1.1428571428571428,
    "Robu": 17.0,
    "VSPie": 3.1,
    "VSSla": 3.3,
    "VSStr": 2.7,
    "Vita": 7.0,
    "Wgt": 3.5
},{
    "Fir": 2.8,
    "Foc": 8.0,
    "Hol": 2.8,
    "Imm": 12.0,
    "Lit": 2.5,
    "Mag": 2.7,
    "Name": "Mausoleum Knight Gauntlets",
    "Phy": 3.3,
    "Poi": 4.0,
    "PoiPerWgt": 1.0256410256410258,
    "Robu": 18.0,
    "VSPie": 3.2,
    "VSSla": 3.6,
    "VSStr": 2.8,
    "Vita": 8.0,
    "Wgt": 3.9
},{
    "Fir": 3.1,
    "Foc": 8.0,
    "Hol": 3.1,
    "Imm": 13.0,
    "Lit": 2.7,
    "Mag": 2.7,
    "Name": "Night's Cavalry Gauntlets",
    "Phy": 3.5,
    "Poi": 4.0,
    "PoiPerWgt": 0.9302325581395349,
    "Robu": 19.0,
    "VSPie": 3.3,
    "VSSla": 3.5,
    "VSStr": 3.2,
    "Vita": 8.0,
    "Wgt": 4.3
},{
    "Fir": 2.8,
    "Foc": 15.0,
    "Hol": 2.3,
    "Imm": 20.0,
    "Lit": 2.8,
    "Mag": 2.9,
    "Name": "Nox Monk Bracelets",
    "Phy": 2.1,
    "Poi": 1.0,
    "PoiPerWgt": 0.3846153846153846,
    "Robu": 13.0,
    "VSPie": 1.9,
    "VSSla": 2.1,
    "VSStr": 2.3,
    "Vita": 15.0,
    "Wgt": 2.6
},{
    "Fir": 3.6,
    "Foc": 19.0,
    "Hol": 3.4,
    "Imm": 22.0,
    "Lit": 3.7,
    "Mag": 3.2,
    "Name": "Omen Gauntlets",
    "Phy": 4.6,
    "Poi": 9.0,
    "PoiPerWgt": 1.1688311688311688,
    "Robu": 21.0,
    "VSPie": 4.7,
    "VSSla": 4.7,
    "VSStr": 3.7,
    "Vita": 25.0,
    "Wgt": 7.7
},{
    "Fir": 2.8,
    "Foc": 8.0,
    "Hol": 2.3,
    "Imm": 11.0,
    "Lit": 1.9,
    "Mag": 2.5,
    "Name": "Radahn Soldier Gauntlets",
    "Phy": 3.3,
    "Poi": 4.0,
    "PoiPerWgt": 1.1428571428571428,
    "Robu": 17.0,
    "VSPie": 2.9,
    "VSSla": 3.1,
    "VSStr": 2.7,
    "Vita": 8.0,
    "Wgt": 3.5
},{
    "Fir": 3.1,
    "Foc": 8.0,
    "Hol": 2.7,
    "Imm": 12.0,
    "Lit": 2.3,
    "Mag": 2.7,
    "Name": "Redmane Knight Gauntlets",
    "Phy": 3.5,
    "Poi": 4.0,
    "PoiPerWgt": 1.0256410256410258,
    "Robu": 18.0,
    "VSPie": 3.1,
    "VSSla": 3.3,
    "VSStr": 2.8,
    "Vita": 8.0,
    "Wgt": 3.9
},{
    "Fir": 3.1,
    "Foc": 20.0,
    "Hol": 2.9,
    "Imm": 25.0,
    "Lit": 3.2,
    "Mag": 2.9,
    "Name": "Ronin's Gauntlets",
    "Phy": 2.7,
    "Poi": 2.0,
    "PoiPerWgt": 0.6451612903225806,
    "Robu": 19.0,
    "VSPie": 2.7,
    "VSSla": 2.8,
    "VSStr": 2.7,
    "Vita": 21.0,
    "Wgt": 3.1
},{
    "Fir": 3.3,
    "Foc": 12.0,
    "Hol": 3.2,
    "Imm": 17.0,
    "Lit": 3.1,
    "Mag": 3.5,
    "Name": "Royal Knight Gauntlets",
    "Phy": 4.0,
    "Poi": 5.0,
    "PoiPerWgt": 0.9615384615384615,
    "Robu": 22.0,
    "VSPie": 4.2,
    "VSSla": 4.4,
    "VSStr": 3.6,
    "Vita": 12.0,
    "Wgt": 5.2
},{
    "Fir": 2.5,
    "Foc": 8.0,
    "Hol": 2.1,
    "Imm": 12.0,
    "Lit": 1.9,
    "Mag": 2.3,
    "Name": "Royal Remains Gauntlets",
    "Phy": 2.9,
    "Poi": 3.0,
    "PoiPerWgt": 0.8571428571428571,
    "Robu": 19.0,
    "VSPie": 2.9,
    "VSSla": 3.2,
    "VSStr": 2.8,
    "Vita": 4.0,
    "Wgt": 3.5
},{
    "Fir": 2.7,
    "Foc": 19.0,
    "Hol": 3.1,
    "Imm": 11.0,
    "Lit": 2.8,
    "Mag": 3.1,
    "Name": "Spellblade's Gloves",
    "Phy": 0.9,
    "Poi": 0.0,
    "PoiPerWgt": 0.0,
    "Robu": 6.0,
    "VSPie": 0.9,
    "VSSla": 0.9,
    "VSStr": 0.5,
    "Vita": 20.0,
    "Wgt": 1.2
},{
    "Fir": 3.2,
    "Foc": 22.0,
    "Hol": 3.2,
    "Imm": 18.0,
    "Lit": 3.1,
    "Mag": 3.2,
    "Name": "Traveler's Gloves",
    "Phy": 1.3,
    "Poi": 0.0,
    "PoiPerWgt": 0.0,
    "Robu": 7.0,
    "VSPie": 0.6,
    "VSSla": 1.0,
    "VSStr": 1.3,
    "Vita": 21.0,
    "Wgt": 1.4
},{
    "Fir": 3.2,
    "Foc": 25.0,
    "Hol": 3.1,
    "Imm": 13.0,
    "Lit": 3.2,
    "Mag": 3.3,
    "Name": "Traveler's Manchettes",
    "Phy": 1.6,
    "Poi": 1.0,
    "PoiPerWgt": 0.5882352941176471,
    "Robu": 8.0,
    "VSPie": 1.0,
    "VSSla": 1.3,
    "VSStr": 1.5,
    "Vita": 25.0,
    "Wgt": 1.7
},{
    "Fir": 4.3,
    "Foc": 14.0,
    "Hol": 3.5,
    "Imm": 22.0,
    "Lit": 3.1,
    "Mag": 3.2,
    "Name": "Tree Sentinel Gauntlets",
    "Phy": 4.7,
    "Poi": 6.0,
    "PoiPerWgt": 0.9523809523809524,
    "Robu": 30.0,
    "VSPie": 4.4,
    "VSSla": 4.7,
    "VSStr": 3.7,
    "Vita": 15.0,
    "Wgt": 6.3
}]
