[{
    "Fir": 4.2,
    "Foc": 29.0,
    "Hol": 4.6,
    "Imm": 16.0,
    "Lit": 4.4,
    "Mag": 4.6,
    "Name": "Alberich's Pointed Hat",
    "Phy": 1.8,
    "Poi": 0.0,
    "PoiPerWgt": 0.0,
    "Robu": 10.0,
    "VSPie": 1.8,
    "VSSla": 1.8,
    "VSStr": 1.4,
    "Vita": 31.0,
    "Wgt": 1.7
},{
    "Fir": 3.1,
    "Foc": 10.0,
    "Hol": 2.5,
    "Imm": 12.0,
    "Lit": 2.1,
    "Mag": 2.5,
    "Name": "Albinauric Mask",
    "Phy": 4.0,
    "Poi": 3.0,
    "PoiPerWgt": 0.7894736842105263,
    "Robu": 23.0,
    "VSPie": 3.8,
    "VSSla": 4.0,
    "VSStr": 3.1,
    "Vita": 10.0,
    "Wgt": 3.8
},{
    "Fir": 3.4,
    "Foc": 9.0,
    "Hol": 3.1,
    "Imm": 12.0,
    "Lit": 3.6,
    "Mag": 4.4,
    "Name": "All-Knowing Helm",
    "Phy": 4.6,
    "Poi": 5.0,
    "PoiPerWgt": 1.0869565217391306,
    "Robu": 20.0,
    "VSPie": 4.2,
    "VSSla": 4.8,
    "VSStr": 4.2,
    "Vita": 9.0,
    "Wgt": 4.6
},{
    "Fir": 4.0,
    "Foc": 18.0,
    "Hol": 3.1,
    "Imm": 22.0,
    "Lit": 3.8,
    "Mag": 3.8,
    "Name": "Aristocrat Hat",
    "Phy": 3.1,
    "Poi": 1.0,
    "PoiPerWgt": 0.3333333333333333,
    "Robu": 14.0,
    "VSPie": 3.1,
    "VSSla": 2.8,
    "VSStr": 3.1,
    "Vita": 20.0,
    "Wgt": 3.0
},{
    "Fir": 3.6,
    "Foc": 25.0,
    "Hol": 4.0,
    "Imm": 15.0,
    "Lit": 3.8,
    "Mag": 4.0,
    "Name": "Aristocrat Headband",
    "Phy": 1.9,
    "Poi": 0.0,
    "PoiPerWgt": 0.0,
    "Robu": 10.0,
    "VSPie": 1.6,
    "VSSla": 1.9,
    "VSStr": 1.9,
    "Vita": 22.0,
    "Wgt": 1.2
},{
    "Fir": 4.5,
    "Foc": 31.0,
    "Hol": 4.5,
    "Imm": 18.0,
    "Lit": 4.6,
    "Mag": 4.6,
    "Name": "Astrologer Hood",
    "Phy": 1.8,
    "Poi": 1.0,
    "PoiPerWgt": 0.5882352941176471,
    "Robu": 9.0,
    "VSPie": 1.4,
    "VSSla": 1.4,
    "VSStr": 1.4,
    "Vita": 27.0,
    "Wgt": 1.7
},{
    "Fir": -4.9,
    "Foc": 27.0,
    "Hol": -5.1,
    "Imm": 42.0,
    "Lit": -4.9,
    "Mag": -4.9,
    "Name": "Ash-of-War Scarab",
    "Phy": -5.8,
    "Poi": 2.0,
    "PoiPerWgt": 0.3921568627450981,
    "Robu": 22.0,
    "VSPie": -5.8,
    "VSSla": -5.8,
    "VSStr": -5.6,
    "Vita": 26.0,
    "Wgt": 5.1
},{
    "Fir": 4.6,
    "Foc": 44.0,
    "Hol": 5.0,
    "Imm": 23.0,
    "Lit": 4.7,
    "Mag": 5.8,
    "Name": "Azur's Glintstone Crown",
    "Phy": 2.8,
    "Poi": 2.0,
    "PoiPerWgt": 0.5555555555555556,
    "Robu": 14.0,
    "VSPie": 2.5,
    "VSSla": 2.5,
    "VSStr": 2.3,
    "Vita": 39.0,
    "Wgt": 3.6
},{
    "Fir": 3.4,
    "Foc": 16.0,
    "Hol": 3.1,
    "Imm": 33.0,
    "Lit": 3.6,
    "Mag": 3.1,
    "Name": "Bandit Mask",
    "Phy": 2.8,
    "Poi": 0.0,
    "PoiPerWgt": 0.0,
    "Robu": 16.0,
    "VSPie": 3.1,
    "VSSla": 3.1,
    "VSStr": 3.1,
    "Vita": 18.0,
    "Wgt": 3.0
},{
    "Fir": 4.8,
    "Foc": 16.0,
    "Hol": 4.7,
    "Imm": 26.0,
    "Lit": 4.6,
    "Mag": 4.8,
    "Name": "Banished Knight Helm",
    "Phy": 6.8,
    "Poi": 9.0,
    "PoiPerWgt": 1.2,
    "Robu": 35.0,
    "VSPie": 6.3,
    "VSSla": 7.0,
    "VSStr": 5.4,
    "Vita": 18.0,
    "Wgt": 7.5
},{
    "Fir": 4.9,
    "Foc": 18.0,
    "Hol": 4.8,
    "Imm": 24.0,
    "Lit": 4.6,
    "Mag": 4.6,
    "Name": "Beast Champion Helm",
    "Phy": 6.3,
    "Poi": 9.0,
    "PoiPerWgt": 1.2,
    "Robu": 39.0,
    "VSPie": 6.7,
    "VSSla": 6.8,
    "VSStr": 5.9,
    "Vita": 16.0,
    "Wgt": 7.5
},{
    "Fir": 3.1,
    "Foc": 9.0,
    "Hol": 3.8,
    "Imm": 11.0,
    "Lit": 2.1,
    "Mag": 2.8,
    "Name": "Black Knife Hood",
    "Phy": 3.8,
    "Poi": 4.0,
    "PoiPerWgt": 1.0526315789473684,
    "Robu": 18.0,
    "VSPie": 4.2,
    "VSSla": 4.2,
    "VSStr": 3.6,
    "Vita": 9.0,
    "Wgt": 3.8
},{
    "Fir": 4.4,
    "Foc": 5.0,
    "Hol": 2.8,
    "Imm": 11.0,
    "Lit": 2.1,
    "Mag": 2.8,
    "Name": "Blackflame Monk Hood",
    "Phy": 4.4,
    "Poi": 5.0,
    "PoiPerWgt": 1.25,
    "Robu": 20.0,
    "VSPie": 4.2,
    "VSSla": 4.6,
    "VSStr": 3.4,
    "Vita": 11.0,
    "Wgt": 4.0
},{
    "Fir": 3.6,
    "Foc": 10.0,
    "Hol": 3.6,
    "Imm": 14.0,
    "Lit": 2.5,
    "Mag": 3.4,
    "Name": "Bloodhound Knight Helm",
    "Phy": 4.4,
    "Poi": 4.0,
    "PoiPerWgt": 0.8695652173913044,
    "Robu": 22.0,
    "VSPie": 4.8,
    "VSSla": 5.0,
    "VSStr": 4.0,
    "Vita": 10.0,
    "Wgt": 4.6
},{
    "Fir": 4.4,
    "Foc": 33.0,
    "Hol": 4.6,
    "Imm": 20.0,
    "Lit": 4.5,
    "Mag": 4.6,
    "Name": "Bloodsoaked Mask",
    "Phy": 1.8,
    "Poi": 1.0,
    "PoiPerWgt": 0.45454545454545453,
    "Robu": 12.0,
    "VSPie": 2.1,
    "VSSla": 1.8,
    "VSStr": 1.8,
    "Vita": 35.0,
    "Wgt": 2.2
},{
    "Fir": 3.4,
    "Foc": 18.0,
    "Hol": 0.28,
    "Imm": 24.0,
    "Lit": 3.8,
    "Mag": 3.1,
    "Name": "Blue Cloth Cowl",
    "Phy": 2.8,
    "Poi": 1.0,
    "PoiPerWgt": 0.37037037037037035,
    "Robu": 15.0,
    "VSPie": 2.3,
    "VSSla": 2.3,
    "VSStr": 2.8,
    "Vita": 18.0,
    "Wgt": 2.7
},{
    "Fir": 4.4,
    "Foc": 10.0,
    "Hol": 3.8,
    "Imm": 15.0,
    "Lit": 3.1,
    "Mag": 3.8,
    "Name": "Briar Helm",
    "Phy": 4.6,
    "Poi": 5.0,
    "PoiPerWgt": 0.9803921568627452,
    "Robu": 31.0,
    "VSPie": 4.4,
    "VSSla": 4.8,
    "VSStr": 4.0,
    "Vita": 10.0,
    "Wgt": 5.1
},{
    "Fir": 4.8,
    "Foc": 20.0,
    "Hol": 4.6,
    "Imm": 31.0,
    "Lit": 5.3,
    "Mag": 4.7,
    "Name": "Bull-Goat Helm",
    "Phy": 7.5,
    "Poi": 15.0,
    "PoiPerWgt": 1.327433628318584,
    "Robu": 35.0,
    "VSPie": 6.7,
    "VSSla": 6.7,
    "VSStr": 7.4,
    "Vita": 23.0,
    "Wgt": 11.3
},{
    "Fir": 4.2,
    "Foc": 9.0,
    "Hol": 4.2,
    "Imm": 12.0,
    "Lit": 2.4,
    "Mag": 4.4,
    "Name": "Carian Knight Helm",
    "Phy": 4.2,
    "Poi": 4.0,
    "PoiPerWgt": 0.8695652173913044,
    "Robu": 20.0,
    "VSPie": 4.2,
    "VSSla": 4.4,
    "VSStr": 3.8,
    "Vita": 10.0,
    "Wgt": 4.6
},{
    "Fir": 3.8,
    "Foc": 5.0,
    "Hol": 2.8,
    "Imm": 11.0,
    "Lit": 2.1,
    "Mag": 2.5,
    "Name": "Chain Coif",
    "Phy": 4.2,
    "Poi": 4.0,
    "PoiPerWgt": 1.0526315789473684,
    "Robu": 18.0,
    "VSPie": 4.2,
    "VSSla": 4.6,
    "VSStr": 3.1,
    "Vita": 8.0,
    "Wgt": 3.8
},{
    "Fir": 4.6,
    "Foc": 12.0,
    "Hol": 4.8,
    "Imm": 27.0,
    "Lit": 4.0,
    "Mag": 4.5,
    "Name": "Cleanrot Helm",
    "Phy": 5.2,
    "Poi": 7.0,
    "PoiPerWgt": 1.09375,
    "Robu": 29.0,
    "VSPie": 6.3,
    "VSSla": 5.8,
    "VSStr": 4.8,
    "Vita": 14.0,
    "Wgt": 6.4
},{
    "Fir": 3.4,
    "Foc": 18.0,
    "Hol": 3.4,
    "Imm": 22.0,
    "Lit": 3.6,
    "Mag": 2.8,
    "Name": "Champion Headband",
    "Phy": 2.3,
    "Poi": 2.0,
    "PoiPerWgt": 0.7407407407407407,
    "Robu": 14.0,
    "VSPie": 2.8,
    "VSSla": 2.5,
    "VSStr": 3.1,
    "Vita": 16.0,
    "Wgt": 2.7
},{
    "Fir": 4.0,
    "Foc": 27.0,
    "Hol": 4.4,
    "Imm": 15.0,
    "Lit": 4.2,
    "Mag": 4.4,
    "Name": "Commoner's Headband",
    "Phy": 0.9,
    "Poi": 0.0,
    "PoiPerWgt": 0.0,
    "Robu": 10.0,
    "VSPie": 1.4,
    "VSSla": 1.8,
    "VSStr": 1.9,
    "Vita": 29.0,
    "Wgt": 1.4
},{
    "Fir": 3.8,
    "Foc": 20.0,
    "Hol": 3.4,
    "Imm": 26.0,
    "Lit": 4.2,
    "Mag": 3.8,
    "Name": "Confessor Hood",
    "Phy": 2.8,
    "Poi": 2.0,
    "PoiPerWgt": 0.6060606060606061,
    "Robu": 20.0,
    "VSPie": 3.1,
    "VSSla": 2.8,
    "VSStr": 3.6,
    "Vita": 22.0,
    "Wgt": 3.3
},{
    "Fir": 4.6,
    "Foc": 27.0,
    "Hol": 4.6,
    "Imm": 16.0,
    "Lit": 4.5,
    "Mag": 4.6,
    "Name": "Crimson Hood",
    "Phy": 1.4,
    "Poi": 0.0,
    "PoiPerWgt": 0.0,
    "Robu": 9.0,
    "VSPie": 1.8,
    "VSSla": 1.4,
    "VSStr": 1.8,
    "Vita": 29.0,
    "Wgt": 1.7
},{
    "Fir": 4.6,
    "Foc": 15.0,
    "Hol": 4.8,
    "Imm": 22.0,
    "Lit": 4.0,
    "Mag": 4.6,
    "Name": "Crucible Axe Helm",
    "Phy": 6.3,
    "Poi": 9.0,
    "PoiPerWgt": 1.3636363636363638,
    "Robu": 31.0,
    "VSPie": 6.1,
    "VSSla": 6.1,
    "VSStr": 5.0,
    "Vita": 15.0,
    "Wgt": 6.6
},{
    "Fir": 4.2,
    "Foc": 15.0,
    "Hol": 5.2,
    "Imm": 22.0,
    "Lit": 4.0,
    "Mag": 4.6,
    "Name": "Crucible Tree Helm",
    "Phy": 6.5,
    "Poi": 9.0,
    "PoiPerWgt": 1.3636363636363638,
    "Robu": 31.0,
    "VSPie": 5.6,
    "VSSla": 6.3,
    "VSStr": 5.0,
    "Vita": 15.0,
    "Wgt": 6.6
},{
    "Fir": 3.6,
    "Foc": 9.0,
    "Hol": 3.1,
    "Imm": 14.0,
    "Lit": 2.3,
    "Mag": 3.4,
    "Name": "Eccentric's Hood",
    "Phy": 4.4,
    "Poi": 4.0,
    "PoiPerWgt": 1.0,
    "Robu": 24.0,
    "VSPie": 4.4,
    "VSSla": 4.2,
    "VSStr": 3.4,
    "Vita": 8.0,
    "Wgt": 4.0
},{
    "Fir": 3.6,
    "Foc": 0.0,
    "Hol": 2.3,
    "Imm": 11.0,
    "Lit": 2.1,
    "Mag": 2.5,
    "Name": "Elden Lord Crown",
    "Phy": 3.8,
    "Poi": 3.0,
    "PoiPerWgt": 0.8333333333333333,
    "Robu": 20.0,
    "VSPie": 4.0,
    "VSSla": 3.6,
    "VSStr": 3.4,
    "Vita": 5.0,
    "Wgt": 3.6
},{
    "Fir": 3.8,
    "Foc": 9.0,
    "Hol": 3.4,
    "Imm": 12.0,
    "Lit": 2.3,
    "Mag": 2.8,
    "Name": "Exile Hood",
    "Phy": 4.4,
    "Poi": 4.0,
    "PoiPerWgt": 1.0,
    "Robu": 23.0,
    "VSPie": 4.4,
    "VSSla": 4.6,
    "VSStr": 3.4,
    "Vita": 8.0,
    "Wgt": 4.0
},{
    "Fir": 4.2,
    "Foc": 29.0,
    "Hol": 4.6,
    "Imm": 18.0,
    "Lit": 4.4,
    "Mag": 4.4,
    "Name": "Fia's Hood",
    "Phy": 1.4,
    "Poi": 0.0,
    "PoiPerWgt": 0.0,
    "Robu": 8.0,
    "VSPie": 1.4,
    "VSSla": 1.4,
    "VSStr": 1.8,
    "Vita": 45.0,
    "Wgt": 1.7
},{
    "Fir": 4.5,
    "Foc": 5.0,
    "Hol": 3.4,
    "Imm": 14.0,
    "Lit": 2.3,
    "Mag": 3.4,
    "Name": "Fingerprint Helm",
    "Phy": 4.8,
    "Poi": 6.0,
    "PoiPerWgt": 1.3043478260869565,
    "Robu": 26.0,
    "VSPie": 4.2,
    "VSSla": 4.2,
    "VSStr": 4.2,
    "Vita": 10.0,
    "Wgt": 4.6
},{
    "Fir": 4.6,
    "Foc": 31.0,
    "Hol": 4.8,
    "Imm": 18.0,
    "Lit": 4.6,
    "Mag": 4.8,
    "Name": "Finger Maiden Fillet",
    "Phy": 2.1,
    "Poi": 1.0,
    "PoiPerWgt": 0.45454545454545453,
    "Robu": 10.0,
    "VSPie": 1.4,
    "VSSla": 1.8,
    "VSStr": 1.8,
    "Vita": 31.0,
    "Wgt": 2.2
},{
    "Fir": 4.5,
    "Foc": 9.0,
    "Hol": 2.5,
    "Imm": 11.0,
    "Lit": 2.5,
    "Mag": 3.1,
    "Name": "Fire Monk Hood",
    "Phy": 4.6,
    "Poi": 4.0,
    "PoiPerWgt": 1.0,
    "Robu": 20.0,
    "VSPie": 4.0,
    "VSSla": 4.2,
    "VSStr": 3.8,
    "Vita": 9.0,
    "Wgt": 4.0
},{
    "Fir": 4.0,
    "Foc": 23.0,
    "Hol": 3.8,
    "Imm": 27.0,
    "Lit": 4.2,
    "Mag": 3.8,
    "Name": "Foot Soldier Cap",
    "Phy": 3.4,
    "Poi": 2.0,
    "PoiPerWgt": 0.5555555555555556,
    "Robu": 18.0,
    "VSPie": 3.4,
    "VSSla": 3.4,
    "VSStr": 3.6,
    "Vita": 23.0,
    "Wgt": 3.6
},{
    "Fir": 4.0,
    "Foc": 23.0,
    "Hol": 3.6,
    "Imm": 27.0,
    "Lit": 4.0,
    "Mag": 4.0,
    "Name": "Foot Soldier Helmet",
    "Phy": 3.4,
    "Poi": 2.0,
    "PoiPerWgt": 0.5555555555555556,
    "Robu": 18.0,
    "VSPie": 3.6,
    "VSSla": 3.6,
    "VSStr": 3.4,
    "Vita": 23.0,
    "Wgt": 3.6
},{
    "Fir": 4.4,
    "Foc": 10.0,
    "Hol": 3.8,
    "Imm": 15.0,
    "Lit": 3.6,
    "Mag": 3.8,
    "Name": "Gelmir Knight Helm",
    "Phy": 4.8,
    "Poi": 6.0,
    "PoiPerWgt": 1.1764705882352942,
    "Robu": 23.0,
    "VSPie": 4.8,
    "VSSla": 5.0,
    "VSStr": 4.0,
    "Vita": 10.0,
    "Wgt": 5.1
},{
    "Fir": 4.3,
    "Foc": 10.0,
    "Hol": 3.8,
    "Imm": 15.0,
    "Lit": 3.4,
    "Mag": 3.8,
    "Name": "Godrick Knight Helm",
    "Phy": 4.8,
    "Poi": 6.0,
    "PoiPerWgt": 1.1764705882352942,
    "Robu": 24.0,
    "VSPie": 4.6,
    "VSSla": 5.0,
    "VSStr": 4.2,
    "Vita": 10.0,
    "Wgt": 5.1
},{
    "Fir": 3.6,
    "Foc": 9.0,
    "Hol": 3.1,
    "Imm": 12.0,
    "Lit": 2.5,
    "Mag": 3.1,
    "Name": "Godrick Soldier Helm",
    "Phy": 4.4,
    "Poi": 5.0,
    "PoiPerWgt": 1.25,
    "Robu": 22.0,
    "VSPie": 4.2,
    "VSSla": 4.4,
    "VSStr": 3.6,
    "Vita": 9.0,
    "Wgt": 4.0
},{
    "Fir": 4.4,
    "Foc": 33.0,
    "Hol": 5.0,
    "Imm": 20.0,
    "Lit": 4.5,
    "Mag": 4.6,
    "Name": "Godskin Apostle Hood",
    "Phy": 2.3,
    "Poi": 1.0,
    "PoiPerWgt": 0.45454545454545453,
    "Robu": 10.0,
    "VSPie": 1.4,
    "VSSla": 2.1,
    "VSStr": 2.1,
    "Vita": 31.0,
    "Wgt": 2.2
},{
    "Fir": 4.6,
    "Foc": 11.0,
    "Hol": 4.2,
    "Imm": 16.0,
    "Lit": 3.8,
    "Mag": 4.2,
    "Name": "Greathelm",
    "Phy": 5.5,
    "Poi": 7.0,
    "PoiPerWgt": 1.1864406779661016,
    "Robu": 29.0,
    "VSPie": 5.2,
    "VSSla": 5.8,
    "VSStr": 4.2,
    "Vita": 11.0,
    "Wgt": 5.9
},{
    "Fir": 3.4,
    "Foc": 27.0,
    "Hol": 3.4,
    "Imm": 33.0,
    "Lit": 3.8,
    "Mag": 3.1,
    "Name": "Great Horned Headband",
    "Phy": 2.8,
    "Poi": 1.0,
    "PoiPerWgt": 0.30303030303030304,
    "Robu": 23.0,
    "VSPie": 2.8,
    "VSSla": 2.8,
    "VSStr": 3.1,
    "Vita": 22.0,
    "Wgt": 3.3
},{
    "Fir": 4.0,
    "Foc": 27.0,
    "Hol": 4.6,
    "Imm": 15.0,
    "Lit": 4.5,
    "Mag": 4.4,
    "Name": "Guilty Hood",
    "Phy": 0.9,
    "Poi": 0.0,
    "PoiPerWgt": 0.0,
    "Robu": 9.0,
    "VSPie": 0.2,
    "VSSla": 1.8,
    "VSStr": 1.4,
    "Vita": 31.0,
    "Wgt": 1.4
},{
    "Fir": 3.4,
    "Foc": 9.0,
    "Hol": 3.4,
    "Imm": 12.0,
    "Lit": 2.5,
    "Mag": 2.8,
    "Name": "Haligtree Helm",
    "Phy": 4.4,
    "Poi": 4.0,
    "PoiPerWgt": 1.0,
    "Robu": 22.0,
    "VSPie": 4.4,
    "VSSla": 4.2,
    "VSStr": 3.8,
    "Vita": 10.0,
    "Wgt": 4.0
},{
    "Fir": 4.7,
    "Foc": 39.0,
    "Hol": 4.9,
    "Imm": 20.0,
    "Lit": 4.6,
    "Mag": 4.9,
    "Name": "Hierodas Glintstone Crown",
    "Phy": 2.3,
    "Poi": 2.0,
    "PoiPerWgt": 0.6666666666666666,
    "Robu": 11.0,
    "VSPie": 2.3,
    "VSSla": 2.8,
    "VSStr": 2.3,
    "Vita": 42.0,
    "Wgt": 3.0
},{
    "Fir": 3.8,
    "Foc": 22.0,
    "Hol": 3.6,
    "Imm": 24.0,
    "Lit": 4.0,
    "Mag": 3.8,
    "Name": "Highwayman Hood",
    "Phy": 2.8,
    "Poi": 2.0,
    "PoiPerWgt": 0.6060606060606061,
    "Robu": 15.0,
    "VSPie": 3.1,
    "VSSla": 2.8,
    "VSStr": 3.6,
    "Vita": 22.0,
    "Wgt": 3.3
},{
    "Fir": 4.4,
    "Foc": 11.0,
    "Hol": 3.8,
    "Imm": 18.0,
    "Lit": 3.8,
    "Mag": 4.0,
    "Name": "Hoslow's Helm",
    "Phy": 5.2,
    "Poi": 6.0,
    "PoiPerWgt": 1.0909090909090908,
    "Robu": 27.0,
    "VSPie": 4.8,
    "VSSla": 5.0,
    "VSStr": 4.4,
    "Vita": 11.0,
    "Wgt": 5.5
},{
    "Fir": 5.8,
    "Foc": 20.0,
    "Hol": 5.0,
    "Imm": 35.0,
    "Lit": 4.8,
    "Mag": 5.0,
    "Name": "Imp Head (Cat)",
    "Phy": 5.8,
    "Poi": 8.0,
    "PoiPerWgt": 0.9876543209876544,
    "Robu": 35.0,
    "VSPie": 6.1,
    "VSSla": 5.8,
    "VSStr": 5.2,
    "Vita": 20.0,
    "Wgt": 8.1
},{
    "Fir": 5.8,
    "Foc": 20.0,
    "Hol": 5.0,
    "Imm": 35.0,
    "Lit": 4.8,
    "Mag": 5.0,
    "Name": "Imp Head (Corpse)",
    "Phy": 5.8,
    "Poi": 8.0,
    "PoiPerWgt": 0.9876543209876544,
    "Robu": 35.0,
    "VSPie": 6.1,
    "VSSla": 5.8,
    "VSStr": 5.2,
    "Vita": 20.0,
    "Wgt": 8.1
},{
    "Fir": 5.8,
    "Foc": 20.0,
    "Hol": 5.0,
    "Imm": 35.0,
    "Lit": 4.8,
    "Mag": 5.0,
    "Name": "Imp Head (Elder)",
    "Phy": 5.8,
    "Poi": 8.0,
    "PoiPerWgt": 0.9876543209876544,
    "Robu": 35.0,
    "VSPie": 6.1,
    "VSSla": 5.8,
    "VSStr": 5.2,
    "Vita": 20.0,
    "Wgt": 8.1
},{
    "Fir": 5.8,
    "Foc": 20.0,
    "Hol": 5.0,
    "Imm": 35.0,
    "Lit": 4.8,
    "Mag": 5.0,
    "Name": "Imp Head (Fanged)",
    "Phy": 5.8,
    "Poi": 8.0,
    "PoiPerWgt": 0.9876543209876544,
    "Robu": 35.0,
    "VSPie": 6.1,
    "VSSla": 5.8,
    "VSStr": 5.2,
    "Vita": 20.0,
    "Wgt": 8.1
},{
    "Fir": 5.8,
    "Foc": 20.0,
    "Hol": 5.0,
    "Imm": 35.0,
    "Lit": 4.8,
    "Mag": 5.0,
    "Name": "Imp Head (Long-Tongued)",
    "Phy": 5.8,
    "Poi": 8.0,
    "PoiPerWgt": 0.9876543209876544,
    "Robu": 35.0,
    "VSPie": 6.1,
    "VSSla": 5.8,
    "VSStr": 5.2,
    "Vita": 20.0,
    "Wgt": 8.1
},{
    "Fir": 5.8,
    "Foc": 20.0,
    "Hol": 5.0,
    "Imm": 35.0,
    "Lit": 4.8,
    "Mag": 5.0,
    "Name": "Imp Head (Wolf)",
    "Phy": 5.8,
    "Poi": 8.0,
    "PoiPerWgt": 0.9876543209876544,
    "Robu": 35.0,
    "VSPie": 6.1,
    "VSSla": 5.8,
    "VSStr": 5.2,
    "Vita": 20.0,
    "Wgt": 8.1
},{
    "Fir": 3.1,
    "Foc": 8.0,
    "Hol": 3.1,
    "Imm": 12.0,
    "Lit": 2.3,
    "Mag": 2.5,
    "Name": "Iron Helmet",
    "Phy": 4.4,
    "Poi": 4.0,
    "PoiPerWgt": 1.0526315789473684,
    "Robu": 18.0,
    "VSPie": 4.2,
    "VSSla": 4.0,
    "VSStr": 3.1,
    "Vita": 8.0,
    "Wgt": 3.8
},{
    "Fir": -4.9,
    "Foc": 27.0,
    "Hol": -5.1,
    "Imm": 42.0,
    "Lit": -4.9,
    "Mag": -4.9,
    "Name": "Incantation Scarab",
    "Phy": -5.8,
    "Poi": 2.0,
    "PoiPerWgt": 0.3921568627450981,
    "Robu": 22.0,
    "VSPie": -5.8,
    "VSSla": -5.8,
    "VSStr": -5.6,
    "Vita": 26.0,
    "Wgt": 5.1
},{
    "Fir": 4.0,
    "Foc": 26.0,
    "Hol": 4.4,
    "Imm": 15.0,
    "Lit": 4.2,
    "Mag": 4.5,
    "Name": "Juvenile Scholar Cap",
    "Phy": 1.4,
    "Poi": 0.0,
    "PoiPerWgt": 0.0,
    "Robu": 10.0,
    "VSPie": 1.4,
    "VSSla": 1.8,
    "VSStr": 1.8,
    "Vita": 29.0,
    "Wgt": 1.4
},{
    "Fir": 3.4,
    "Foc": 9.0,
    "Hol": 3.1,
    "Imm": 12.0,
    "Lit": 2.8,
    "Mag": 3.1,
    "Name": "Kaiden Helm",
    "Phy": 4.4,
    "Poi": 5.0,
    "PoiPerWgt": 1.25,
    "Robu": 22.0,
    "VSPie": 4.4,
    "VSSla": 4.4,
    "VSStr": 3.4,
    "Vita": 9.0,
    "Wgt": 4.0
},{
    "Fir": 4.5,
    "Foc": 10.0,
    "Hol": 3.8,
    "Imm": 16.0,
    "Lit": 3.4,
    "Mag": 4.4,
    "Name": "Karolos Glintstone Crown",
    "Phy": 4.4,
    "Poi": 3.0,
    "PoiPerWgt": 0.5882352941176471,
    "Robu": 26.0,
    "VSPie": 4.8,
    "VSSla": 5.2,
    "VSStr": 3.1,
    "Vita": 10.0,
    "Wgt": 5.1
},{
    "Fir": 3.8,
    "Foc": 8.0,
    "Hol": 3.1,
    "Imm": 12.0,
    "Lit": 3.4,
    "Mag": 3.8,
    "Name": "Knight Helm",
    "Phy": 4.4,
    "Poi": 6.0,
    "PoiPerWgt": 1.3043478260869565,
    "Robu": 22.0,
    "VSPie": 4.8,
    "VSSla": 4.8,
    "VSStr": 4.2,
    "Vita": 8.0,
    "Wgt": 4.6
},{
    "Fir": 4.0,
    "Foc": 22.0,
    "Hol": 3.8,
    "Imm": 26.0,
    "Lit": 4.2,
    "Mag": 3.6,
    "Name": "Land of Reeds Helm",
    "Phy": 3.1,
    "Poi": 2.0,
    "PoiPerWgt": 0.5555555555555556,
    "Robu": 22.0,
    "VSPie": 3.4,
    "VSSla": 4.2,
    "VSStr": 3.4,
    "Vita": 23.0,
    "Wgt": 3.6
},{
    "Fir": 4.4,
    "Foc": 10.0,
    "Hol": 3.8,
    "Imm": 15.0,
    "Lit": 3.6,
    "Mag": 3.8,
    "Name": "Leyndell Knight Helm",
    "Phy": 4.8,
    "Poi": 6.0,
    "PoiPerWgt": 1.1764705882352942,
    "Robu": 23.0,
    "VSPie": 4.8,
    "VSSla": 5.0,
    "VSStr": 4.0,
    "Vita": 10.0,
    "Wgt": 5.1
},{
    "Fir": 5.3,
    "Foc": 18.0,
    "Hol": 4.8,
    "Imm": 27.0,
    "Lit": 4.6,
    "Mag": 4.8,
    "Name": "Lionel's Helm",
    "Phy": 6.3,
    "Poi": 12.0,
    "PoiPerWgt": 1.3186813186813187,
    "Robu": 42.0,
    "VSPie": 7.2,
    "VSSla": 7.0,
    "VSStr": 5.9,
    "Vita": 22.0,
    "Wgt": 9.1
},{
    "Fir": 4.6,
    "Foc": 16.0,
    "Hol": 4.6,
    "Imm": 24.0,
    "Lit": 4.9,
    "Mag": 4.6,
    "Name": "Malformed Dragon Helm",
    "Phy": 6.1,
    "Poi": 8.0,
    "PoiPerWgt": 1.1764705882352942,
    "Robu": 33.0,
    "VSPie": 6.1,
    "VSSla": 6.3,
    "VSStr": 5.4,
    "Vita": 16.0,
    "Wgt": 6.8
},{
    "Fir": 4.0,
    "Foc": 10.0,
    "Hol": 4.6,
    "Imm": 15.0,
    "Lit": 3.4,
    "Mag": 3.8,
    "Name": "Maliketh's Helm",
    "Phy": 4.8,
    "Poi": 6.0,
    "PoiPerWgt": 1.0909090909090908,
    "Robu": 24.0,
    "VSPie": 4.8,
    "VSSla": 5.0,
    "VSStr": 4.2,
    "Vita": 22.0,
    "Wgt": 5.5
},{
    "Fir": 4.5,
    "Foc": 35.0,
    "Hol": 4.6,
    "Imm": 20.0,
    "Lit": 4.5,
    "Mag": 4.6,
    "Name": "Marais Mask",
    "Phy": 2.1,
    "Poi": 1.0,
    "PoiPerWgt": 0.45454545454545453,
    "Robu": 14.0,
    "VSPie": 1.4,
    "VSSla": 1.8,
    "VSStr": 2.3,
    "Vita": 33.0,
    "Wgt": 2.2
},{
    "Fir": 3.1,
    "Foc": 9.0,
    "Hol": 3.1,
    "Imm": 10.0,
    "Lit": 2.3,
    "Mag": 3.1,
    "Name": "Marionette Soldier Helm",
    "Phy": 4.4,
    "Poi": 4.0,
    "PoiPerWgt": 1.0526315789473684,
    "Robu": 22.0,
    "VSPie": 3.8,
    "VSSla": 4.0,
    "VSStr": 3.1,
    "Vita": 8.0,
    "Wgt": 3.8
},{
    "Fir": 3.1,
    "Foc": 8.0,
    "Hol": 2.5,
    "Imm": 11.0,
    "Lit": 2.5,
    "Mag": 3.1,
    "Name": "Marionette Soldier Birdhelm",
    "Phy": 4.4,
    "Poi": 5.0,
    "PoiPerWgt": 1.3157894736842106,
    "Robu": 18.0,
    "VSPie": 3.8,
    "VSSla": 4.0,
    "VSStr": 3.1,
    "Vita": 9.0,
    "Wgt": 3.8
},{
    "Fir": 4.8,
    "Foc": 39.0,
    "Hol": 4.7,
    "Imm": 24.0,
    "Lit": 4.7,
    "Mag": 5.3,
    "Name": "Mask of Confidence",
    "Phy": 2.3,
    "Poi": 1.0,
    "PoiPerWgt": 0.30303030303030304,
    "Robu": 11.0,
    "VSPie": 2.3,
    "VSSla": 2.3,
    "VSStr": 2.5,
    "Vita": 35.0,
    "Wgt": 3.3
},{
    "Fir": 3.1,
    "Foc": 18.0,
    "Hol": 4.8,
    "Imm": 46.0,
    "Lit": 4.6,
    "Mag": 4.8,
    "Name": "Mushroom Crown",
    "Phy": 5.8,
    "Poi": 9.0,
    "PoiPerWgt": 0.989010989010989,
    "Robu": 45.0,
    "VSPie": 7.0,
    "VSSla": 6.8,
    "VSStr": 5.9,
    "Vita": 22.0,
    "Wgt": 9.1
},{
    "Fir": 1.8,
    "Foc": 39.0,
    "Hol": 4.6,
    "Imm": 44.0,
    "Lit": 4.6,
    "Mag": 4.7,
    "Name": "Mushroom Head",
    "Phy": 2.1,
    "Poi": 0.0,
    "PoiPerWgt": 0.0,
    "Robu": 10.0,
    "VSPie": 1.8,
    "VSSla": 0.9,
    "VSStr": 2.5,
    "Vita": 33.0,
    "Wgt": 2.2
},{
    "Fir": 4.7,
    "Foc": 29.0,
    "Hol": 4.5,
    "Imm": 20.0,
    "Lit": 4.4,
    "Mag": 4.6,
    "Name": "Navy Hood",
    "Phy": 1.4,
    "Poi": 0.0,
    "PoiPerWgt": 0.0,
    "Robu": 10.0,
    "VSPie": 0.9,
    "VSSla": 1.8,
    "VSStr": 2.1,
    "Vita": 27.0,
    "Wgt": 1.7
},{
    "Fir": 3.8,
    "Foc": 22.0,
    "Hol": 4.2,
    "Imm": 26.0,
    "Lit": 4.0,
    "Mag": 4.2,
    "Name": "Night Maiden Twin Crown",
    "Phy": 2.5,
    "Poi": 2.0,
    "PoiPerWgt": 0.6060606060606061,
    "Robu": 15.0,
    "VSPie": 3.4,
    "VSSla": 2.5,
    "VSStr": 3.1,
    "Vita": 22.0,
    "Wgt": 3.3
},{
    "Fir": 5.3,
    "Foc": 26.0,
    "Hol": 5.3,
    "Imm": 29.0,
    "Lit": 4.2,
    "Mag": 6.7,
    "Name": "Nox Mirrorhelm",
    "Phy": 4.0,
    "Poi": 4.0,
    "PoiPerWgt": 0.5333333333333333,
    "Robu": 33.0,
    "VSPie": 5.0,
    "VSSla": 5.5,
    "VSStr": 3.4,
    "Vita": 42.0,
    "Wgt": 7.5
},{
    "Fir": 3.6,
    "Foc": 23.0,
    "Hol": 3.8,
    "Imm": 31.0,
    "Lit": 4.0,
    "Mag": 4.0,
    "Name": "Octopus Head",
    "Phy": 3.4,
    "Poi": 2.0,
    "PoiPerWgt": 0.5555555555555556,
    "Robu": 14.0,
    "VSPie": 2.8,
    "VSSla": 2.8,
    "VSStr": 5.4,
    "Vita": 23.0,
    "Wgt": 3.6
},{
    "Fir": 4.5,
    "Foc": 10.0,
    "Hol": 3.8,
    "Imm": 16.0,
    "Lit": 3.4,
    "Mag": 4.4,
    "Name": "Olivinus Glintstone Crown",
    "Phy": 4.4,
    "Poi": 3.0,
    "PoiPerWgt": 0.5882352941176471,
    "Robu": 26.0,
    "VSPie": 4.8,
    "VSSla": 5.2,
    "VSStr": 3.1,
    "Vita": 10.0,
    "Wgt": 5.1
},{
    "Fir": 3.4,
    "Foc": 20.0,
    "Hol": 3.6,
    "Imm": 29.0,
    "Lit": 4.0,
    "Mag": 3.1,
    "Name": "Omensmirk Mask",
    "Phy": 3.1,
    "Poi": 2.0,
    "PoiPerWgt": 0.6666666666666666,
    "Robu": 12.0,
    "VSPie": 2.5,
    "VSSla": 2.5,
    "VSStr": 2.8,
    "Vita": 20.0,
    "Wgt": 3.0
},{
    "Fir": 4.2,
    "Foc": 29.0,
    "Hol": 4.5,
    "Imm": 15.0,
    "Lit": 4.5,
    "Mag": 4.4,
    "Name": "Page Hood",
    "Phy": 1.8,
    "Poi": 0.0,
    "PoiPerWgt": 0.0,
    "Robu": 8.0,
    "VSPie": 0.9,
    "VSSla": 0.9,
    "VSStr": 1.4,
    "Vita": 29.0,
    "Wgt": 1.4
},{
    "Fir": 4.2,
    "Foc": 27.0,
    "Hol": 4.6,
    "Imm": 26.0,
    "Lit": 4.4,
    "Mag": 4.6,
    "Name": "Perfumer Hood",
    "Phy": 1.4,
    "Poi": 1.0,
    "PoiPerWgt": 0.5882352941176471,
    "Robu": 8.0,
    "VSPie": 1.4,
    "VSSla": 1.8,
    "VSStr": 2.1,
    "Vita": 29.0,
    "Wgt": 1.7
},{
    "Fir": 4.9,
    "Foc": 44.0,
    "Hol": 4.8,
    "Imm": 26.0,
    "Lit": 4.8,
    "Mag": 5.5,
    "Name": "Preceptor's Big Hat",
    "Phy": 2.5,
    "Poi": 2.0,
    "PoiPerWgt": 0.5555555555555556,
    "Robu": 12.0,
    "VSPie": 2.5,
    "VSSla": 2.5,
    "VSStr": 2.8,
    "Vita": 42.0,
    "Wgt": 3.6
},{
    "Fir": 4.9,
    "Foc": 35.0,
    "Hol": 4.8,
    "Imm": 29.0,
    "Lit": 4.5,
    "Mag": 4.6,
    "Name": "Prisoner Iron Mask",
    "Phy": 6.8,
    "Poi": 11.0,
    "PoiPerWgt": 1.2790697674418605,
    "Robu": 44.0,
    "VSPie": 6.8,
    "VSSla": 7.0,
    "VSStr": 5.9,
    "Vita": 20.0,
    "Wgt": 8.6
},{
    "Fir": 4.2,
    "Foc": 27.0,
    "Hol": 4.5,
    "Imm": 14.0,
    "Lit": 4.0,
    "Mag": 4.5,
    "Name": "Prophet Blindfold",
    "Phy": 0.2,
    "Poi": 0.0,
    "PoiPerWgt": 0.0,
    "Robu": 5.0,
    "VSPie": 0.2,
    "VSSla": 0.9,
    "VSStr": 0.9,
    "Vita": 27.0,
    "Wgt": 1.0
},{
    "Fir": 4.7,
    "Foc": 44.0,
    "Hol": 4.5,
    "Imm": 27.0,
    "Lit": 5.2,
    "Mag": 4.6,
    "Name": "Pumpkin Helm",
    "Phy": 7.0,
    "Poi": 9.0,
    "PoiPerWgt": 0.7317073170731707,
    "Robu": 42.0,
    "VSPie": 6.7,
    "VSSla": 6.7,
    "VSStr": 5.9,
    "Vita": 18.0,
    "Wgt": 12.3
},{
    "Fir": 5.0,
    "Foc": 18.0,
    "Hol": 4.8,
    "Imm": 26.0,
    "Lit": 4.5,
    "Mag": 4.8,
    "Name": "Radahn's Redmane Helm",
    "Phy": 6.8,
    "Poi": 9.0,
    "PoiPerWgt": 1.2,
    "Robu": 42.0,
    "VSPie": 6.3,
    "VSSla": 6.7,
    "VSStr": 5.4,
    "Vita": 16.0,
    "Wgt": 7.5
},{
    "Fir": 4.0,
    "Foc": 8.0,
    "Hol": 3.4,
    "Imm": 14.0,
    "Lit": 2.5,
    "Mag": 3.6,
    "Name": "Raging Wolf Helm",
    "Phy": 4.8,
    "Poi": 5.0,
    "PoiPerWgt": 1.1363636363636362,
    "Robu": 24.0,
    "VSPie": 4.6,
    "VSSla": 4.8,
    "VSStr": 4.2,
    "Vita": 8.0,
    "Wgt": 4.4
},{
    "Fir": 4.5,
    "Foc": 31.0,
    "Hol": 4.7,
    "Imm": 18.0,
    "Lit": 4.6,
    "Mag": 4.9,
    "Name": "Queen's Crescent Crown",
    "Phy": 2.1,
    "Poi": 1.0,
    "PoiPerWgt": 0.45454545454545453,
    "Robu": 11.0,
    "VSPie": 1.4,
    "VSSla": 1.8,
    "VSStr": 1.8,
    "Vita": 35.0,
    "Wgt": 2.2
},{
    "Fir": 4.5,
    "Foc": 33.0,
    "Hol": 4.8,
    "Imm": 22.0,
    "Lit": 4.6,
    "Mag": 4.6,
    "Name": "Radiant Gold Mask",
    "Phy": 2.3,
    "Poi": 1.0,
    "PoiPerWgt": 0.45454545454545453,
    "Robu": 9.0,
    "VSPie": 1.4,
    "VSSla": 2.1,
    "VSStr": 2.1,
    "Vita": 33.0,
    "Wgt": 2.2
},{
    "Fir": 4.6,
    "Foc": 14.0,
    "Hol": 4.5,
    "Imm": 31.0,
    "Lit": 4.4,
    "Mag": 4.5,
    "Name": "Rotten Duelist Helm",
    "Phy": 5.5,
    "Poi": 8.0,
    "PoiPerWgt": 1.25,
    "Robu": 31.0,
    "VSPie": 5.5,
    "VSSla": 5.8,
    "VSStr": 4.6,
    "Vita": 14.0,
    "Wgt": 6.4
},{
    "Fir": 4.4,
    "Foc": 33.0,
    "Hol": 4.7,
    "Imm": 20.0,
    "Lit": 4.6,
    "Mag": 4.6,
    "Name": "Ruler's Mask",
    "Phy": 1.8,
    "Poi": 1.0,
    "PoiPerWgt": 0.45454545454545453,
    "Robu": 10.0,
    "VSPie": 1.4,
    "VSSla": 2.3,
    "VSStr": 2.3,
    "Vita": 33.0,
    "Wgt": 2.2
},{
    "Fir": 4.5,
    "Foc": 31.0,
    "Hol": 4.8,
    "Imm": 16.0,
    "Lit": 4.6,
    "Mag": 4.8,
    "Name": "Sage Hood",
    "Phy": 2.3,
    "Poi": 1.0,
    "PoiPerWgt": 0.45454545454545453,
    "Robu": 10.0,
    "VSPie": 1.4,
    "VSSla": 2.1,
    "VSStr": 2.1,
    "Vita": 33.0,
    "Wgt": 2.2
},{
    "Fir": 5.2,
    "Foc": 44.0,
    "Hol": 5.3,
    "Imm": 26.0,
    "Lit": 5.0,
    "Mag": 5.5,
    "Name": "Silver Tear Mask",
    "Phy": 4.2,
    "Poi": 3.0,
    "PoiPerWgt": 0.6521739130434783,
    "Robu": 20.0,
    "VSPie": 3.1,
    "VSSla": 3.8,
    "VSStr": 3.6,
    "Vita": 4.0,
    "Wgt": 4.6
},{
    "Fir": 5.0,
    "Foc": 16.0,
    "Hol": 4.8,
    "Imm": 24.0,
    "Lit": 4.6,
    "Mag": 4.8,
    "Name": "Scaled Helm",
    "Phy": 5.8,
    "Poi": 9.0,
    "PoiPerWgt": 1.3235294117647058,
    "Robu": 35.0,
    "VSPie": 5.8,
    "VSSla": 6.1,
    "VSStr": 5.0,
    "Vita": 16.0,
    "Wgt": 6.8
},{
    "Fir": 3.4,
    "Foc": 27.0,
    "Hol": 3.1,
    "Imm": 33.0,
    "Lit": 3.5,
    "Mag": 3.6,
    "Name": "Shining Horned Headband",
    "Phy": 2.5,
    "Poi": 2.0,
    "PoiPerWgt": 0.6060606060606061,
    "Robu": 23.0,
    "VSPie": 3.6,
    "VSSla": 2.5,
    "VSStr": 2.8,
    "Vita": 20.0,
    "Wgt": 3.3
},{
    "Fir": 4.6,
    "Foc": 31.0,
    "Hol": 4.6,
    "Imm": 16.0,
    "Lit": 4.6,
    "Mag": 4.5,
    "Name": "Snow Witch Hat",
    "Phy": 1.8,
    "Poi": 1.0,
    "PoiPerWgt": 0.45454545454545453,
    "Robu": 14.0,
    "VSPie": 1.4,
    "VSSla": 2.1,
    "VSStr": 2.1,
    "Vita": 31.0,
    "Wgt": 2.2
},{
    "Fir": 4.6,
    "Foc": 29.0,
    "Hol": 4.6,
    "Imm": 23.0,
    "Lit": 4.4,
    "Mag": 4.6,
    "Name": "Traveler's Hat",
    "Phy": 1.8,
    "Poi": 1.0,
    "PoiPerWgt": 0.5882352941176471,
    "Robu": 9.0,
    "VSPie": 0.9,
    "VSSla": 1.4,
    "VSStr": 1.8,
    "Vita": 27.0,
    "Wgt": 1.7
},{
    "Fir": 4.5,
    "Foc": 29.0,
    "Hol": 4.6,
    "Imm": 18.0,
    "Lit": 4.6,
    "Mag": 4.6,
    "Name": "Traveling Maiden Hood",
    "Phy": 1.4,
    "Poi": 1.0,
    "PoiPerWgt": 0.625,
    "Robu": 10.0,
    "VSPie": 0.9,
    "VSSla": 1.8,
    "VSStr": 1.8,
    "Vita": 31.0,
    "Wgt": 1.6
},{
    "Fir": 4.0,
    "Foc": 9.0,
    "Hol": 3.6,
    "Imm": 14.0,
    "Lit": 3.1,
    "Mag": 4.0,
    "Name": "Twinned Helm",
    "Phy": 4.8,
    "Poi": 5.0,
    "PoiPerWgt": 0.9803921568627452,
    "Robu": 23.0,
    "VSPie": 4.2,
    "VSSla": 5.2,
    "VSStr": 4.4,
    "Vita": 23.0,
    "Wgt": 5.1
},{
    "Fir": 4.5,
    "Foc": 10.0,
    "Hol": 3.8,
    "Imm": 16.0,
    "Lit": 3.4,
    "Mag": 4.4,
    "Name": "Twinsage Glintstone Crown",
    "Phy": 4.4,
    "Poi": 3.0,
    "PoiPerWgt": 0.5882352941176471,
    "Robu": 26.0,
    "VSPie": 4.8,
    "VSSla": 5.2,
    "VSStr": 3.1,
    "Vita": 10.0,
    "Wgt": 5.1
},{
    "Fir": 3.6,
    "Foc": 9.0,
    "Hol": 2.8,
    "Imm": 14.0,
    "Lit": 2.8,
    "Mag": 3.1,
    "Name": "Vagabond Knight Helm",
    "Phy": 4.6,
    "Poi": 4.0,
    "PoiPerWgt": 1.0,
    "Robu": 23.0,
    "VSPie": 4.0,
    "VSSla": 4.2,
    "VSStr": 3.6,
    "Vita": 9.0,
    "Wgt": 4.0
},{
    "Fir": 5.0,
    "Foc": 20.0,
    "Hol": 4.7,
    "Imm": 27.0,
    "Lit": 4.6,
    "Mag": 4.8,
    "Name": "Veteran's Helm",
    "Phy": 6.8,
    "Poi": 12.0,
    "PoiPerWgt": 1.4814814814814816,
    "Robu": 39.0,
    "VSPie": 6.3,
    "VSSla": 6.8,
    "VSStr": 6.1,
    "Vita": 20.0,
    "Wgt": 8.1
},{
    "Fir": 3.8,
    "Foc": 23.0,
    "Hol": 3.8,
    "Imm": 31.0,
    "Lit": 4.0,
    "Mag": 3.8,
    "Name": "Vulgar Militia Helm",
    "Phy": 3.4,
    "Poi": 2.0,
    "PoiPerWgt": 0.5555555555555556,
    "Robu": 16.0,
    "VSPie": 3.1,
    "VSSla": 3.6,
    "VSStr": 3.8,
    "Vita": 23.0,
    "Wgt": 3.6
},{
    "Fir": 3.1,
    "Foc": 5.0,
    "Hol": 2.8,
    "Imm": 9.0,
    "Lit": 2.1,
    "Mag": 3.1,
    "Name": "Zamor Mask",
    "Phy": 4.2,
    "Poi": 4.0,
    "PoiPerWgt": 1.0526315789473684,
    "Robu": 27.0,
    "VSPie": 3.8,
    "VSSla": 4.4,
    "VSStr": 3.4,
    "Vita": 8.0,
    "Wgt": 3.8
},{
    "Fir": -4.9,
    "Foc": 27.0,
    "Hol": -5.1,
    "Imm": 42.0,
    "Lit": -4.9,
    "Mag": -4.9,
    "Name": "Glintstone Scarab",
    "Phy": -5.8,
    "Poi": 2.0,
    "PoiPerWgt": 0.3921568627450981,
    "Robu": 22.0,
    "VSPie": -5.8,
    "VSSla": -5.8,
    "VSStr": -5.6,
    "Vita": 26.0,
    "Wgt": 5.1
},{
    "Fir": -4.9,
    "Foc": 27.0,
    "Hol": -5.1,
    "Imm": 42.0,
    "Lit": -4.9,
    "Mag": -4.9,
    "Name": "Cerulean Tear Scarab",
    "Phy": -5.8,
    "Poi": 2.0,
    "PoiPerWgt": 0.3921568627450981,
    "Robu": 22.0,
    "VSPie": -5.8,
    "VSSla": -5.8,
    "VSStr": -5.6,
    "Vita": 26.0,
    "Wgt": 5.1
},{
    "Fir": 3.8,
    "Foc": 23.0,
    "Hol": 3.6,
    "Imm": 29.0,
    "Lit": 4.2,
    "Mag": 3.8,
    "Name": "Okina Mask",
    "Phy": 3.4,
    "Poi": 2.0,
    "PoiPerWgt": 0.5555555555555556,
    "Robu": 18.0,
    "VSPie": 3.1,
    "VSSla": 4.0,
    "VSStr": 3.6,
    "Vita": 22.0,
    "Wgt": 3.6
},{
    "Fir": 4.5,
    "Foc": 10.0,
    "Hol": 3.8,
    "Imm": 16.0,
    "Lit": 3.4,
    "Mag": 4.4,
    "Name": "Witch's Glintstone Crown",
    "Phy": 5.1,
    "Poi": 3.0,
    "PoiPerWgt": 0.5882352941176471,
    "Robu": 26.0,
    "VSPie": 4.8,
    "VSSla": 5.2,
    "VSStr": 3.1,
    "Vita": 10.0,
    "Wgt": 5.1
},{
    "Fir": 3.8,
    "Foc": 23.0,
    "Hol": 4.4,
    "Imm": 12.0,
    "Lit": 4.0,
    "Mag": 4.4,
    "Name": "Alberich's Pointed Hat (Altered)",
    "Phy": 0.9,
    "Poi": 0.0,
    "PoiPerWgt": 0.0,
    "Robu": 7.0,
    "VSPie": 0.9,
    "VSSla": 0.9,
    "VSStr": 0.2,
    "Vita": 24.0,
    "Wgt": 1.0
},{
    "Fir": 4.7,
    "Foc": 13.0,
    "Hol": 4.6,
    "Imm": 21.0,
    "Lit": 4.6,
    "Mag": 4.7,
    "Name": "Banished Knight Helm (Altered)",
    "Phy": 6.7,
    "Poi": 8.0,
    "PoiPerWgt": 1.1267605633802817,
    "Robu": 30.0,
    "VSPie": 6.1,
    "VSSla": 6.8,
    "VSStr": 5.2,
    "Vita": 14.0,
    "Wgt": 7.1
},{
    "Fir": 3.4,
    "Foc": 0.0,
    "Hol": 3.1,
    "Imm": 24.0,
    "Lit": 3.6,
    "Mag": 3.1,
    "Name": "Black Dumpling",
    "Phy": 2.8,
    "Poi": 1.0,
    "PoiPerWgt": 0.37037037037037035,
    "Robu": 15.0,
    "VSPie": 2.8,
    "VSSla": 2.8,
    "VSStr": 3.1,
    "Vita": 20.0,
    "Wgt": 2.7
},{
    "Fir": 3.4,
    "Foc": 16.0,
    "Hol": 3.1,
    "Imm": 33.0,
    "Lit": 3.6,
    "Mag": 3.1,
    "Name": "Black Hood",
    "Phy": 2.8,
    "Poi": 1.0,
    "PoiPerWgt": 0.3333333333333333,
    "Robu": 16.0,
    "VSPie": 3.1,
    "VSSla": 3.1,
    "VSStr": 3.1,
    "Vita": 18.0,
    "Wgt": 3.0
},{
    "Fir": 4.5,
    "Foc": 11.0,
    "Hol": 4.2,
    "Imm": 16.0,
    "Lit": 3.6,
    "Mag": 4.0,
    "Name": "Black Wolf Mask",
    "Phy": 5.2,
    "Poi": 8.0,
    "PoiPerWgt": 1.3559322033898304,
    "Robu": 33.0,
    "VSPie": 5.5,
    "VSSla": 5.2,
    "VSStr": 4.6,
    "Vita": 11.0,
    "Wgt": 5.9
},{
    "Fir": 4.4,
    "Foc": 12.0,
    "Hol": 4.5,
    "Imm": 22.0,
    "Lit": 4.0,
    "Mag": 4.2,
    "Name": "Blackguard's Iron Mask",
    "Phy": 5.8,
    "Poi": 8.0,
    "PoiPerWgt": 1.2903225806451613,
    "Robu": 31.0,
    "VSPie": 5.5,
    "VSSla": 6.1,
    "VSStr": 4.4,
    "Vita": 12.0,
    "Wgt": 6.2
},{
    "Fir": 4.0,
    "Foc": 31.0,
    "Hol": 4.9,
    "Imm": 20.0,
    "Lit": 4.5,
    "Mag": 4.5,
    "Name": "Blue Festive Hood",
    "Phy": 1.4,
    "Poi": 0.0,
    "PoiPerWgt": 0.0,
    "Robu": 9.0,
    "VSPie": 1.8,
    "VSSla": 2.1,
    "VSStr": 1.4,
    "Vita": 27.0,
    "Wgt": 1.7
},{
    "Fir": 3.4,
    "Foc": 5.0,
    "Hol": 2.5,
    "Imm": 10.0,
    "Lit": 2.5,
    "Mag": 3.6,
    "Name": "Blue Silver Mail Hood",
    "Phy": 4.2,
    "Poi": 4.0,
    "PoiPerWgt": 1.0526315789473684,
    "Robu": 24.0,
    "VSPie": 3.8,
    "VSSla": 4.4,
    "VSStr": 3.1,
    "Vita": 5.0,
    "Wgt": 3.8
},{
    "Fir": 4.0,
    "Foc": 26.0,
    "Hol": 4.4,
    "Imm": 15.0,
    "Lit": 4.2,
    "Mag": 4.4,
    "Name": "Brave's Cord Circlet",
    "Phy": 0.9,
    "Poi": 0.0,
    "PoiPerWgt": 0.0,
    "Robu": 8.0,
    "VSPie": 0.2,
    "VSSla": 0.9,
    "VSStr": 0.9,
    "Vita": 26.0,
    "Wgt": 1.0
},{
    "Fir": 3.4,
    "Foc": 8.0,
    "Hol": 2.8,
    "Imm": 11.0,
    "Lit": 2.3,
    "Mag": 2.8,
    "Name": "Brave's Leather Helm",
    "Phy": 4.2,
    "Poi": 4.0,
    "PoiPerWgt": 1.0526315789473684,
    "Robu": 20.0,
    "VSPie": 4.0,
    "VSSla": 4.2,
    "VSStr": 3.4,
    "Vita": 8.0,
    "Wgt": 3.8
},{
    "Fir": 4.2,
    "Foc": 9.0,
    "Hol": 4.6,
    "Imm": 21.0,
    "Lit": 3.4,
    "Mag": 4.0,
    "Name": "Cleanrot Helm (Altered)",
    "Phy": 4.6,
    "Poi": 4.0,
    "PoiPerWgt": 0.7272727272727273,
    "Robu": 21.0,
    "VSPie": 5.5,
    "VSSla": 5.0,
    "VSStr": 4.2,
    "Vita": 10.0,
    "Wgt": 5.5
},{
    "Fir": 3.5,
    "Foc": 23.0,
    "Hol": 3.9,
    "Imm": 12.0,
    "Lit": 3.7,
    "Mag": 3.9,
    "Name": "Commoner's Headband (Altered)",
    "Phy": 0.1,
    "Poi": 0.0,
    "PoiPerWgt": 0.0,
    "Robu": 8.0,
    "VSPie": 0.6,
    "VSSla": 1.1,
    "VSStr": 1.1,
    "Vita": 24.0,
    "Wgt": 0.7
},{
    "Fir": 3.4,
    "Foc": 14.0,
    "Hol": 2.8,
    "Imm": 21.0,
    "Lit": 3.8,
    "Mag": 3.4,
    "Name": "Confessor Hood (Altered)",
    "Phy": 2.3,
    "Poi": 0.0,
    "PoiPerWgt": 0.0,
    "Robu": 14.0,
    "VSPie": 2.5,
    "VSSla": 2.3,
    "VSStr": 3.1,
    "Vita": 16.0,
    "Wgt": 2.7
},{
    "Fir": 4.8,
    "Foc": 39.0,
    "Hol": 5.0,
    "Imm": 24.0,
    "Lit": 4.8,
    "Mag": 5.0,
    "Name": "Consort's Mask",
    "Phy": 2.8,
    "Poi": 2.0,
    "PoiPerWgt": 0.5555555555555556,
    "Robu": 14.0,
    "VSPie": 2.5,
    "VSSla": 2.5,
    "VSStr": 2.8,
    "Vita": 35.0,
    "Wgt": 3.6
},{
    "Fir": -4.6,
    "Foc": 27.0,
    "Hol": -4.5,
    "Imm": 42.0,
    "Lit": -4.6,
    "Mag": -4.6,
    "Name": "Crimson Tear Scarab",
    "Phy": -3.8,
    "Poi": 2.0,
    "PoiPerWgt": 0.3921568627450981,
    "Robu": 22.0,
    "VSPie": -3.8,
    "VSSla": -3.8,
    "VSStr": -4.0,
    "Vita": 26.0,
    "Wgt": 5.1
},{
    "Fir": 4.2,
    "Foc": 10.0,
    "Hol": 3.6,
    "Imm": 14.0,
    "Lit": 3.1,
    "Mag": 4.4,
    "Name": "Cuckoo Knight Helm",
    "Phy": 4.8,
    "Poi": 6.0,
    "PoiPerWgt": 1.1764705882352942,
    "Robu": 24.0,
    "VSPie": 4.8,
    "VSSla": 5.2,
    "VSStr": 4.0,
    "Vita": 10.0,
    "Wgt": 5.1
},{
    "Fir": 4.5,
    "Foc": 25.0,
    "Hol": 4.5,
    "Imm": 28.0,
    "Lit": 4.4,
    "Mag": 4.6,
    "Name": "Depraved Perfumer Headscarf",
    "Phy": 2.0,
    "Poi": 1.0,
    "PoiPerWgt": 0.47619047619047616,
    "Robu": 10.0,
    "VSPie": 1.3,
    "VSSla": 1.7,
    "VSStr": 2.0,
    "Vita": 34.0,
    "Wgt": 2.1
},{
    "Fir": 3.6,
    "Foc": 10.0,
    "Hol": 3.4,
    "Imm": 15.0,
    "Lit": 2.5,
    "Mag": 3.6,
    "Name": "Diallos's Mask",
    "Phy": 4.8,
    "Poi": 5.0,
    "PoiPerWgt": 1.0869565217391306,
    "Robu": 23.0,
    "VSPie": 4.4,
    "VSSla": 4.6,
    "VSStr": 3.8,
    "Vita": 10.0,
    "Wgt": 4.6
},{
    "Fir": 4.0,
    "Foc": 9.0,
    "Hol": 3.6,
    "Imm": 11.0,
    "Lit": 3.1,
    "Mag": 3.6,
    "Name": "Drake Knight Helm",
    "Phy": 4.0,
    "Poi": 4.0,
    "PoiPerWgt": 1.0,
    "Robu": 20.0,
    "VSPie": 4.0,
    "VSSla": 4.2,
    "VSStr": 3.4,
    "Vita": 9.0,
    "Wgt": 4.0
},{
    "Fir": 3.6,
    "Foc": 7.0,
    "Hol": 3.2,
    "Imm": 9.0,
    "Lit": 2.6,
    "Mag": 3.2,
    "Name": "Drake Knight Helm (Altered)",
    "Phy": 3.6,
    "Poi": 3.0,
    "PoiPerWgt": 0.8333333333333333,
    "Robu": 16.0,
    "VSPie": 3.6,
    "VSSla": 3.8,
    "VSStr": 2.9,
    "Vita": 7.0,
    "Wgt": 3.6
},{
    "Fir": 4.5,
    "Foc": 11.0,
    "Hol": 4.2,
    "Imm": 24.0,
    "Lit": 3.6,
    "Mag": 4.0,
    "Name": "Duelist Helm",
    "Phy": 5.8,
    "Poi": 8.0,
    "PoiPerWgt": 1.2903225806451613,
    "Robu": 24.0,
    "VSPie": 6.1,
    "VSSla": 6.1,
    "VSStr": 5.2,
    "Vita": 12.0,
    "Wgt": 6.2
},{
    "Fir": 3.6,
    "Foc": 8.0,
    "Hol": 3.1,
    "Imm": 12.0,
    "Lit": 2.3,
    "Mag": 3.4,
    "Name": "Eccentric's Hood (Altered)",
    "Phy": 4.4,
    "Poi": 3.0,
    "PoiPerWgt": 0.75,
    "Robu": 21.0,
    "VSPie": 4.4,
    "VSSla": 4.2,
    "VSStr": 3.4,
    "Vita": 7.0,
    "Wgt": 4.0
},{
    "Fir": 4.7,
    "Foc": 46.0,
    "Hol": 5.5,
    "Imm": 27.0,
    "Lit": 4.9,
    "Mag": 5.3,
    "Name": "Envoy Crown",
    "Phy": 2.8,
    "Poi": 2.0,
    "PoiPerWgt": 0.5263157894736842,
    "Robu": 15.0,
    "VSPie": 2.8,
    "VSSla": 3.1,
    "VSStr": 3.1,
    "Vita": 46.0,
    "Wgt": 3.8
},{
    "Fir": 4.2,
    "Foc": 29.0,
    "Hol": 4.6,
    "Imm": 18.0,
    "Lit": 4.4,
    "Mag": 4.5,
    "Name": "Festive Hood",
    "Phy": 1.4,
    "Poi": 0.0,
    "PoiPerWgt": 0.0,
    "Robu": 9.0,
    "VSPie": 1.8,
    "VSSla": 2.1,
    "VSStr": 1.8,
    "Vita": 29.0,
    "Wgt": 1.7
},{
    "Fir": 3.8,
    "Foc": 23.0,
    "Hol": 4.5,
    "Imm": 13.0,
    "Lit": 4.0,
    "Mag": 4.2,
    "Name": "Festive Hood (Altered)",
    "Phy": 0.2,
    "Poi": 0.0,
    "PoiPerWgt": 0.0,
    "Robu": 4.0,
    "VSPie": 0.9,
    "VSSla": 1.4,
    "VSStr": 0.9,
    "Vita": 23.0,
    "Wgt": 1.0
},{
    "Fir": 7.2,
    "Foc": 39.0,
    "Hol": 4.7,
    "Imm": 29.0,
    "Lit": 4.6,
    "Mag": 4.8,
    "Name": "Fire Prelate Helm",
    "Phy": 7.0,
    "Poi": 13.0,
    "PoiPerWgt": 1.2264150943396226,
    "Robu": 27.0,
    "VSPie": 6.7,
    "VSSla": 6.7,
    "VSStr": 6.1,
    "Vita": 22.0,
    "Wgt": 10.6
},{
    "Fir": 4.2,
    "Foc": 23.0,
    "Hol": 3.8,
    "Imm": 27.0,
    "Lit": 4.2,
    "Mag": 3.8,
    "Name": "Foot Soldier Helm",
    "Phy": 3.6,
    "Poi": 2.0,
    "PoiPerWgt": 0.5555555555555556,
    "Robu": 18.0,
    "VSPie": 3.1,
    "VSSla": 3.1,
    "VSStr": 3.4,
    "Vita": 23.0,
    "Wgt": 3.6
},{
    "Fir": 3.8,
    "Foc": 23.0,
    "Hol": 3.8,
    "Imm": 27.0,
    "Lit": 4.4,
    "Mag": 3.6,
    "Name": "Gilded Foot Soldier Cap",
    "Phy": 3.4,
    "Poi": 2.0,
    "PoiPerWgt": 0.5555555555555556,
    "Robu": 18.0,
    "VSPie": 3.6,
    "VSSla": 3.1,
    "VSStr": 3.8,
    "Vita": 23.0,
    "Wgt": 3.6
},{
    "Fir": 4.0,
    "Foc": 27.0,
    "Hol": 4.8,
    "Imm": 16.0,
    "Lit": 4.2,
    "Mag": 4.5,
    "Name": "Godskin Noble Hood",
    "Phy": 1.4,
    "Poi": 1.0,
    "PoiPerWgt": 0.5882352941176471,
    "Robu": 10.0,
    "VSPie": 1.4,
    "VSSla": 1.8,
    "VSStr": 2.8,
    "Vita": 29.0,
    "Wgt": 1.7
},{
    "Fir": 5.0,
    "Foc": 47.0,
    "Hol": 6.2,
    "Imm": 33.0,
    "Lit": 5.5,
    "Mag": 5.5,
    "Name": "Greathood",
    "Phy": 3.8,
    "Poi": 2.0,
    "PoiPerWgt": 0.3921568627450981,
    "Robu": 20.0,
    "VSPie": 3.6,
    "VSSla": 3.8,
    "VSStr": 3.6,
    "Vita": 47.0,
    "Wgt": 5.1
},{
    "Fir": 4.0,
    "Foc": 26.0,
    "Hol": 4.2,
    "Imm": 33.0,
    "Lit": 4.2,
    "Mag": 4.2,
    "Name": "Guardian Mask",
    "Phy": 3.8,
    "Poi": 2.0,
    "PoiPerWgt": 0.5263157894736842,
    "Robu": 22.0,
    "VSPie": 3.4,
    "VSSla": 3.6,
    "VSStr": 3.6,
    "Vita": 24.0,
    "Wgt": 3.8
},{
    "Fir": 4.5,
    "Foc": 33.0,
    "Hol": 4.6,
    "Imm": 22.0,
    "Lit": 4.6,
    "Mag": 4.8,
    "Name": "Haima Glintstone Crown",
    "Phy": 2.3,
    "Poi": 2.0,
    "PoiPerWgt": 0.7407407407407407,
    "Robu": 11.0,
    "VSPie": 2.3,
    "VSSla": 2.1,
    "VSStr": 2.5,
    "Vita": 39.0,
    "Wgt": 2.7
},{
    "Fir": 4.0,
    "Foc": 10.0,
    "Hol": 4.0,
    "Imm": 15.0,
    "Lit": 3.4,
    "Mag": 3.6,
    "Name": "Haligtree Knight Helm",
    "Phy": 4.8,
    "Poi": 5.0,
    "PoiPerWgt": 0.9803921568627452,
    "Robu": 24.0,
    "VSPie": 4.8,
    "VSSla": 4.8,
    "VSStr": 4.4,
    "Vita": 11.0,
    "Wgt": 5.1
},{
    "Fir": 4.2,
    "Foc": 27.0,
    "Hol": 4.5,
    "Imm": 15.0,
    "Lit": 4.4,
    "Mag": 4.6,
    "Name": "High Page Hood",
    "Phy": 0.9,
    "Poi": 0.0,
    "PoiPerWgt": 0.0,
    "Robu": 8.0,
    "VSPie": 0.9,
    "VSSla": 0.9,
    "VSStr": 1.8,
    "Vita": 27.0,
    "Wgt": 1.4
},{
    "Fir": 4.6,
    "Foc": 26.0,
    "Hol": 5.8,
    "Imm": 22.0,
    "Lit": 4.8,
    "Mag": 6.2,
    "Name": "Iji's Mirrorhelm",
    "Phy": 3.8,
    "Poi": 5.0,
    "PoiPerWgt": 0.6666666666666666,
    "Robu": 42.0,
    "VSPie": 5.2,
    "VSSla": 5.2,
    "VSStr": 3.8,
    "Vita": 39.0,
    "Wgt": 7.5
},{
    "Fir": 4.2,
    "Foc": 24.0,
    "Hol": 4.0,
    "Imm": 30.0,
    "Lit": 4.4,
    "Mag": 4.0,
    "Name": "Iron Kasa",
    "Phy": 3.6,
    "Poi": 2.0,
    "PoiPerWgt": 0.5263157894736842,
    "Robu": 23.0,
    "VSPie": 3.6,
    "VSSla": 4.2,
    "VSStr": 3.6,
    "Vita": 24.0,
    "Wgt": 3.8
},{
    "Fir": 4.9,
    "Foc": 16.0,
    "Hol": 4.7,
    "Imm": 24.0,
    "Lit": 4.6,
    "Mag": 4.7,
    "Name": "Jar",
    "Phy": 6.8,
    "Poi": 8.0,
    "PoiPerWgt": 1.1764705882352942,
    "Robu": 33.0,
    "VSPie": 6.8,
    "VSSla": 7.0,
    "VSStr": 3.4,
    "Vita": 15.0,
    "Wgt": 6.8
},{
    "Fir": 4.5,
    "Foc": 10.0,
    "Hol": 3.8,
    "Imm": 16.0,
    "Lit": 3.4,
    "Mag": 4.4,
    "Name": "Lazuli Glintstone Crown",
    "Phy": 4.4,
    "Poi": 3.0,
    "PoiPerWgt": 0.5882352941176471,
    "Robu": 26.0,
    "VSPie": 4.8,
    "VSSla": 5.2,
    "VSStr": 3.1,
    "Vita": 10.0,
    "Wgt": 5.1
},{
    "Fir": 3.4,
    "Foc": 9.0,
    "Hol": 3.1,
    "Imm": 12.0,
    "Lit": 2.8,
    "Mag": 2.8,
    "Name": "Leyndell Soldier Helm",
    "Phy": 4.4,
    "Poi": 5.0,
    "PoiPerWgt": 1.25,
    "Robu": 22.0,
    "VSPie": 4.4,
    "VSSla": 4.2,
    "VSStr": 3.8,
    "Vita": 9.0,
    "Wgt": 4.0
},{
    "Fir": 4.6,
    "Foc": 39.0,
    "Hol": 4.9,
    "Imm": 23.0,
    "Lit": 4.8,
    "Mag": 5.5,
    "Name": "Lusat's Glintstone Crown",
    "Phy": 3.1,
    "Poi": 2.0,
    "PoiPerWgt": 0.5555555555555556,
    "Robu": 11.0,
    "VSPie": 2.3,
    "VSSla": 3.1,
    "VSStr": 2.3,
    "Vita": 44.0,
    "Wgt": 3.6
},{
    "Fir": 3.4,
    "Foc": 8.0,
    "Hol": 3.8,
    "Imm": 22.0,
    "Lit": 2.3,
    "Mag": 2.8,
    "Name": "Malenia's Winged Helm",
    "Phy": 4.4,
    "Poi": 4.0,
    "PoiPerWgt": 1.0,
    "Robu": 18.0,
    "VSPie": 4.0,
    "VSSla": 4.6,
    "VSStr": 3.4,
    "Vita": 8.0,
    "Wgt": 4.0
},{
    "Fir": 4.5,
    "Foc": 10.0,
    "Hol": 4.5,
    "Imm": 16.0,
    "Lit": 3.8,
    "Mag": 3.8,
    "Name": "Night's Cavalry Helm",
    "Phy": 5.0,
    "Poi": 7.0,
    "PoiPerWgt": 1.2727272727272727,
    "Robu": 24.0,
    "VSPie": 4.8,
    "VSSla": 5.0,
    "VSStr": 4.6,
    "Vita": 10.0,
    "Wgt": 5.5
},{
    "Fir": 4.4,
    "Foc": 9.0,
    "Hol": 4.4,
    "Imm": 13.0,
    "Lit": 3.6,
    "Mag": 3.6,
    "Name": "Night's Cavalry Helm (Altered)",
    "Phy": 4.8,
    "Poi": 5.0,
    "PoiPerWgt": 0.9803921568627452,
    "Robu": 21.0,
    "VSPie": 4.4,
    "VSSla": 4.8,
    "VSStr": 4.4,
    "Vita": 9.0,
    "Wgt": 5.1
},{
    "Fir": 3.4,
    "Foc": 31.0,
    "Hol": 3.1,
    "Imm": 24.0,
    "Lit": 3.4,
    "Mag": 3.4,
    "Name": "Nomadic Merchant's Chapeau",
    "Phy": 2.8,
    "Poi": 1.0,
    "PoiPerWgt": 0.3333333333333333,
    "Robu": 14.0,
    "VSPie": 2.3,
    "VSSla": 2.5,
    "VSStr": 3.1,
    "Vita": 20.0,
    "Wgt": 3.0
},{
    "Fir": 3.8,
    "Foc": 18.0,
    "Hol": 3.1,
    "Imm": 24.0,
    "Lit": 3.8,
    "Mag": 4.0,
    "Name": "Nox Monk Hood",
    "Phy": 2.8,
    "Poi": 1.0,
    "PoiPerWgt": 0.3333333333333333,
    "Robu": 15.0,
    "VSPie": 2.5,
    "VSSla": 2.8,
    "VSStr": 3.1,
    "Vita": 18.0,
    "Wgt": 3.0
},{
    "Fir": 3.6,
    "Foc": 14.0,
    "Hol": 2.8,
    "Imm": 21.0,
    "Lit": 3.6,
    "Mag": 3.8,
    "Name": "Nox Monk Hood (Altered)",
    "Phy": 2.5,
    "Poi": 0.0,
    "PoiPerWgt": 0.0,
    "Robu": 12.0,
    "VSPie": 2.3,
    "VSSla": 2.5,
    "VSStr": 2.8,
    "Vita": 14.0,
    "Wgt": 2.7
},{
    "Fir": 3.6,
    "Foc": 22.0,
    "Hol": 3.8,
    "Imm": 24.0,
    "Lit": 4.2,
    "Mag": 4.4,
    "Name": "Nox Swordstress Crown",
    "Phy": 2.8,
    "Poi": 2.0,
    "PoiPerWgt": 0.6060606060606061,
    "Robu": 15.0,
    "VSPie": 3.1,
    "VSSla": 2.8,
    "VSStr": 3.4,
    "Vita": 22.0,
    "Wgt": 3.3
},{
    "Fir": 3.1,
    "Foc": 17.0,
    "Hol": 3.4,
    "Imm": 21.0,
    "Lit": 3.8,
    "Mag": 4.0,
    "Name": "Nox Swordstress Crown (Altered)",
    "Phy": 2.3,
    "Poi": 0.0,
    "PoiPerWgt": 0.0,
    "Robu": 11.0,
    "VSPie": 2.5,
    "VSSla": 2.3,
    "VSStr": 2.8,
    "Vita": 17.0,
    "Wgt": 2.7
},{
    "Fir": 3.6,
    "Foc": 15.0,
    "Hol": 2.5,
    "Imm": 18.0,
    "Lit": 3.4,
    "Mag": 3.4,
    "Name": "Old Aristocrat Cowl",
    "Phy": 2.5,
    "Poi": 1.0,
    "PoiPerWgt": 0.45454545454545453,
    "Robu": 11.0,
    "VSPie": 2.5,
    "VSSla": 2.3,
    "VSStr": 2.5,
    "Vita": 16.0,
    "Wgt": 2.2
},{
    "Fir": 5.2,
    "Foc": 24.0,
    "Hol": 4.9,
    "Imm": 29.0,
    "Lit": 5.3,
    "Mag": 4.6,
    "Name": "Omen Helm",
    "Phy": 6.7,
    "Poi": 13.0,
    "PoiPerWgt": 1.3131313131313131,
    "Robu": 27.0,
    "VSPie": 6.8,
    "VSSla": 6.8,
    "VSStr": 5.4,
    "Vita": 33.0,
    "Wgt": 9.9
},{
    "Fir": 3.8,
    "Foc": 9.0,
    "Hol": 3.1,
    "Imm": 12.0,
    "Lit": 2.5,
    "Mag": 3.1,
    "Name": "Radahn Soldier Helm",
    "Phy": 4.6,
    "Poi": 5.0,
    "PoiPerWgt": 1.25,
    "Robu": 20.0,
    "VSPie": 4.0,
    "VSSla": 4.2,
    "VSStr": 3.4,
    "Vita": 10.0,
    "Wgt": 4.0
},{
    "Fir": 3.8,
    "Foc": 22.0,
    "Hol": 3.6,
    "Imm": 26.0,
    "Lit": 4.0,
    "Mag": 3.6,
    "Name": "Ragged Hat",
    "Phy": 3.1,
    "Poi": 2.0,
    "PoiPerWgt": 0.6060606060606061,
    "Robu": 16.0,
    "VSPie": 3.1,
    "VSSla": 3.1,
    "VSStr": 3.4,
    "Vita": 22.0,
    "Wgt": 3.3
},{
    "Fir": 3.6,
    "Foc": 20.0,
    "Hol": 3.4,
    "Imm": 21.0,
    "Lit": 3.8,
    "Mag": 3.4,
    "Name": "Ragged Hat (Altered)",
    "Phy": 2.8,
    "Poi": 2.0,
    "PoiPerWgt": 0.6666666666666666,
    "Robu": 13.0,
    "VSPie": 2.8,
    "VSSla": 2.8,
    "VSStr": 3.1,
    "Vita": 18.0,
    "Wgt": 3.0
},{
    "Fir": 3.6,
    "Foc": 9.0,
    "Hol": 2.8,
    "Imm": 12.0,
    "Lit": 2.3,
    "Mag": 3.4,
    "Name": "Raya Lucarian Helm",
    "Phy": 4.4,
    "Poi": 5.0,
    "PoiPerWgt": 1.25,
    "Robu": 22.0,
    "VSPie": 4.4,
    "VSSla": 4.6,
    "VSStr": 3.4,
    "Vita": 9.0,
    "Wgt": 4.0
},{
    "Fir": 4.4,
    "Foc": 10.0,
    "Hol": 3.8,
    "Imm": 15.0,
    "Lit": 3.4,
    "Mag": 3.8,
    "Name": "Redmane Knight Helm",
    "Phy": 5.0,
    "Poi": 6.0,
    "PoiPerWgt": 1.1764705882352942,
    "Robu": 23.0,
    "VSPie": 4.4,
    "VSSla": 4.8,
    "VSStr": 4.0,
    "Vita": 11.0,
    "Wgt": 5.1
},{
    "Fir": 4.7,
    "Foc": 15.0,
    "Hol": 4.6,
    "Imm": 22.0,
    "Lit": 4.4,
    "Mag": 5.0,
    "Name": "Royal Knight Helm",
    "Phy": 5.8,
    "Poi": 8.0,
    "PoiPerWgt": 1.2121212121212122,
    "Robu": 29.0,
    "VSPie": 6.1,
    "VSSla": 6.3,
    "VSStr": 5.2,
    "Vita": 15.0,
    "Wgt": 6.6
},{
    "Fir": 3.6,
    "Foc": 10.0,
    "Hol": 3.1,
    "Imm": 15.0,
    "Lit": 2.8,
    "Mag": 3.4,
    "Name": "Royal Remains Helm",
    "Phy": 4.2,
    "Poi": 5.0,
    "PoiPerWgt": 1.0869565217391306,
    "Robu": 24.0,
    "VSPie": 4.2,
    "VSSla": 4.6,
    "VSStr": 4.0,
    "Vita": 5.0,
    "Wgt": 4.6
},{
    "Fir": 3.8,
    "Foc": 23.0,
    "Hol": 4.0,
    "Imm": 27.0,
    "Lit": 4.2,
    "Mag": 3.6,
    "Name": "Sacred Crown Helm",
    "Phy": 3.4,
    "Poi": 2.0,
    "PoiPerWgt": 0.5555555555555556,
    "Robu": 18.0,
    "VSPie": 3.6,
    "VSSla": 3.1,
    "VSStr": 3.8,
    "Vita": 24.0,
    "Wgt": 3.6
},{
    "Fir": 3.8,
    "Foc": 29.0,
    "Hol": 4.6,
    "Imm": 18.0,
    "Lit": 4.5,
    "Mag": 4.6,
    "Name": "Sanguine Noble Hood",
    "Phy": 1.4,
    "Poi": 0.0,
    "PoiPerWgt": 0.0,
    "Robu": 5.0,
    "VSPie": 0.9,
    "VSSla": 0.9,
    "VSStr": 0.9,
    "Vita": 27.0,
    "Wgt": 1.4
},{
    "Fir": 3.4,
    "Foc": 24.0,
    "Hol": 3.1,
    "Imm": 23.0,
    "Lit": 3.6,
    "Mag": 3.4,
    "Name": "Skeletal Mask",
    "Phy": 2.5,
    "Poi": 1.0,
    "PoiPerWgt": 0.3333333333333333,
    "Robu": 14.0,
    "VSPie": 3.1,
    "VSSla": 3.1,
    "VSStr": 2.8,
    "Vita": 24.0,
    "Wgt": 3.0
},{
    "Fir": 3.9,
    "Foc": 25.0,
    "Hol": 4.5,
    "Imm": 15.0,
    "Lit": 4.1,
    "Mag": 4.5,
    "Name": "Spellblade's Pointed Hat",
    "Phy": 1.3,
    "Poi": 0.0,
    "PoiPerWgt": 0.0,
    "Robu": 8.0,
    "VSPie": 1.3,
    "VSSla": 1.3,
    "VSStr": 0.8,
    "Vita": 27.0,
    "Wgt": 1.5
},{
    "Fir": 6.2,
    "Foc": 18.0,
    "Hol": 5.0,
    "Imm": 29.0,
    "Lit": 4.5,
    "Mag": 4.6,
    "Name": "Tree Sentinel Helm",
    "Phy": 6.8,
    "Poi": 9.0,
    "PoiPerWgt": 1.1111111111111112,
    "Robu": 39.0,
    "VSPie": 6.3,
    "VSSla": 6.8,
    "VSStr": 5.4,
    "Vita": 20.0,
    "Wgt": 8.1
}]
