[{
    "Fir": 5.4,
    "Foc": 13.0,
    "Hol": 5.4,
    "Imm": 17.0,
    "Lit": 5.8,
    "Mag": 7.1,
    "Name": "All-Knowing Greaves",
    "Phy": 7.4,
    "Poi": 10.0,
    "PoiPerWgt": 1.5151515151515151,
    "Robu": 29.0,
    "VSPie": 6.8,
    "VSSla": 7.7,
    "VSStr": 6.8,
    "Vita": 13.0,
    "Wgt": 6.6
},{
    "Fir": 6.8,
    "Foc": 41.0,
    "Hol": 7.3,
    "Imm": 26.0,
    "Lit": 7.2,
    "Mag": 7.3,
    "Name": "Alberich's Trousers",
    "Phy": 3.0,
    "Poi": 1.0,
    "PoiPerWgt": 0.4,
    "Robu": 14.0,
    "VSPie": 3.0,
    "VSSla": 3.0,
    "VSStr": 2.3,
    "Vita": 44.0,
    "Wgt": 2.5
},{
    "Fir": 7.4,
    "Foc": 56.0,
    "Hol": 7.4,
    "Imm": 31.0,
    "Lit": 7.6,
    "Mag": 7.7,
    "Name": "Astrologer Trousers",
    "Phy": 3.8,
    "Poi": 3.0,
    "PoiPerWgt": 0.7692307692307693,
    "Robu": 15.0,
    "VSPie": 3.4,
    "VSSla": 3.4,
    "VSStr": 3.4,
    "Vita": 47.0,
    "Wgt": 3.9
},{
    "Fir": 5.4,
    "Foc": 35.0,
    "Hol": 5.0,
    "Imm": 34.0,
    "Lit": 5.8,
    "Mag": 5.4,
    "Name": "Bandit Boots",
    "Phy": 4.0,
    "Poi": 2.0,
    "PoiPerWgt": 0.45454545454545453,
    "Robu": 20.0,
    "VSPie": 5.4,
    "VSSla": 5.0,
    "VSStr": 4.5,
    "Vita": 35.0,
    "Wgt": 4.4
},{
    "Fir": 7.7,
    "Foc": 24.0,
    "Hol": 7.6,
    "Imm": 37.0,
    "Lit": 7.4,
    "Mag": 7.7,
    "Name": "Banished Knight Greaves",
    "Phy": 10.8,
    "Poi": 17.0,
    "PoiPerWgt": 1.574074074074074,
    "Robu": 51.0,
    "VSPie": 10.1,
    "VSSla": 11.1,
    "VSStr": 8.6,
    "Vita": 26.0,
    "Wgt": 10.8
},{
    "Fir": 7.9,
    "Foc": 26.0,
    "Hol": 7.7,
    "Imm": 35.0,
    "Lit": 7.3,
    "Mag": 7.4,
    "Name": "Beast Champion Greaves",
    "Phy": 10.1,
    "Poi": 17.0,
    "PoiPerWgt": 1.574074074074074,
    "Robu": 56.0,
    "VSPie": 10.6,
    "VSSla": 10.8,
    "VSStr": 9.4,
    "Vita": 24.0,
    "Wgt": 10.8
},{
    "Fir": 5.4,
    "Foc": 14.0,
    "Hol": 6.5,
    "Imm": 17.0,
    "Lit": 3.8,
    "Mag": 5.0,
    "Name": "Black Knife Greaves",
    "Phy": 6.5,
    "Poi": 8.0,
    "PoiPerWgt": 1.4035087719298245,
    "Robu": 29.0,
    "VSPie": 7.1,
    "VSSla": 7.1,
    "VSStr": 6.2,
    "Vita": 14.0,
    "Wgt": 5.7
},{
    "Fir": 7.4,
    "Foc": 13.0,
    "Hol": 5.8,
    "Imm": 20.0,
    "Lit": 4.5,
    "Mag": 5.8,
    "Name": "Blackflame Monk Greaves",
    "Phy": 7.7,
    "Poi": 11.0,
    "PoiPerWgt": 1.5068493150684932,
    "Robu": 34.0,
    "VSPie": 7.4,
    "VSSla": 8.4,
    "VSStr": 6.5,
    "Vita": 20.0,
    "Wgt": 7.3
},{
    "Fir": 5.8,
    "Foc": 14.0,
    "Hol": 5.8,
    "Imm": 20.0,
    "Lit": 4.0,
    "Mag": 5.4,
    "Name": "Bloodhound Knight Greaves",
    "Phy": 7.1,
    "Poi": 8.0,
    "PoiPerWgt": 1.2121212121212122,
    "Robu": 31.0,
    "VSPie": 7.7,
    "VSSla": 8.0,
    "VSStr": 6.5,
    "Vita": 14.0,
    "Wgt": 6.6
},{
    "Fir": 7.1,
    "Foc": 15.0,
    "Hol": 6.2,
    "Imm": 22.0,
    "Lit": 7.1,
    "Mag": 6.2,
    "Name": "Briar Greaves",
    "Phy": 7.4,
    "Poi": 9.0,
    "PoiPerWgt": 1.2328767123287672,
    "Robu": 44.0,
    "VSPie": 7.2,
    "VSSla": 7.7,
    "VSStr": 6.5,
    "Vita": 15.0,
    "Wgt": 7.3
},{
    "Fir": 7.7,
    "Foc": 29.0,
    "Hol": 7.3,
    "Imm": 44.0,
    "Lit": 8.5,
    "Mag": 7.6,
    "Name": "Bull-Goat Greaves",
    "Phy": 11.9,
    "Poi": 28.0,
    "PoiPerWgt": 1.707317073170732,
    "Robu": 51.0,
    "VSPie": 10.6,
    "VSSla": 10.6,
    "VSStr": 11.8,
    "Vita": 34.0,
    "Wgt": 16.4
},{
    "Fir": 5.4,
    "Foc": 26.0,
    "Hol": 5.4,
    "Imm": 31.0,
    "Lit": 5.8,
    "Mag": 4.5,
    "Name": "Champion Gaiters",
    "Phy": 3.8,
    "Poi": 3.0,
    "PoiPerWgt": 0.7692307692307693,
    "Robu": 20.0,
    "VSPie": 4.5,
    "VSSla": 4.0,
    "VSStr": 5.0,
    "Vita": 24.0,
    "Wgt": 3.9
},{
    "Fir": 6.8,
    "Foc": 13.0,
    "Hol": 6.8,
    "Imm": 17.0,
    "Lit": 5.4,
    "Mag": 7.1,
    "Name": "Carian Knight Greaves",
    "Phy": 6.8,
    "Poi": 7.0,
    "PoiPerWgt": 1.0606060606060606,
    "Robu": 29.0,
    "VSPie": 6.8,
    "VSSla": 7.1,
    "VSStr": 6.2,
    "Vita": 14.0,
    "Wgt": 6.6
},{
    "Fir": 6.2,
    "Foc": 7.0,
    "Hol": 4.5,
    "Imm": 16.0,
    "Lit": 3.4,
    "Mag": 4.0,
    "Name": "Chain Leggings",
    "Phy": 6.8,
    "Poi": 7.0,
    "PoiPerWgt": 1.2727272727272727,
    "Robu": 26.0,
    "VSPie": 6.8,
    "VSSla": 7.4,
    "VSStr": 5.0,
    "Vita": 11.0,
    "Wgt": 5.5
},{
    "Fir": 7.3,
    "Foc": 17.0,
    "Hol": 7.7,
    "Imm": 39.0,
    "Lit": 6.5,
    "Mag": 7.2,
    "Name": "Cleanrot Greaves",
    "Phy": 8.4,
    "Poi": 13.0,
    "PoiPerWgt": 1.3978494623655913,
    "Robu": 41.0,
    "VSPie": 10.1,
    "VSSla": 9.2,
    "VSStr": 7.6,
    "Vita": 20.0,
    "Wgt": 9.3
},{
    "Fir": 7.1,
    "Foc": 37.0,
    "Hol": 7.1,
    "Imm": 26.0,
    "Lit": 6.8,
    "Mag": 7.3,
    "Name": "Cloth Trousers",
    "Phy": 3.0,
    "Poi": 1.0,
    "PoiPerWgt": 0.5,
    "Robu": 14.0,
    "VSPie": 2.3,
    "VSSla": 1.5,
    "VSStr": 2.3,
    "Vita": 37.0,
    "Wgt": 2.0
},{
    "Fir": 6.5,
    "Foc": 39.0,
    "Hol": 7.1,
    "Imm": 22.0,
    "Lit": 6.8,
    "Mag": 7.1,
    "Name": "Commoner's Shoes",
    "Phy": 1.5,
    "Poi": 1.0,
    "PoiPerWgt": 0.5,
    "Robu": 14.0,
    "VSPie": 2.3,
    "VSSla": 3.0,
    "VSStr": 3.0,
    "Vita": 41.0,
    "Wgt": 2.0
},{
    "Fir": 6.2,
    "Foc": 29.0,
    "Hol": 5.4,
    "Imm": 37.0,
    "Lit": 6.8,
    "Mag": 6.2,
    "Name": "Confessor Boots",
    "Phy": 4.5,
    "Poi": 3.0,
    "PoiPerWgt": 0.625,
    "Robu": 29.0,
    "VSPie": 5.0,
    "VSSla": 4.5,
    "VSStr": 5.8,
    "Vita": 31.0,
    "Wgt": 4.8
},{
    "Fir": 7.1,
    "Foc": 41.0,
    "Hol": 7.3,
    "Imm": 29.0,
    "Lit": 7.1,
    "Mag": 7.4,
    "Name": "Consort's Trousers",
    "Phy": 3.0,
    "Poi": 1.0,
    "PoiPerWgt": 0.4,
    "Robu": 15.0,
    "VSPie": 3.0,
    "VSSla": 2.3,
    "VSStr": 2.3,
    "Vita": 39.0,
    "Wgt": 2.5
},{
    "Fir": 7.3,
    "Foc": 22.0,
    "Hol": 7.7,
    "Imm": 31.0,
    "Lit": 6.5,
    "Mag": 7.4,
    "Name": "Crucible Greaves",
    "Phy": 10.1,
    "Poi": 14.0,
    "PoiPerWgt": 1.4583333333333335,
    "Robu": 44.0,
    "VSPie": 9.6,
    "VSSla": 9.6,
    "VSStr": 8.0,
    "Vita": 16.0,
    "Wgt": 9.6
},{
    "Fir": 5.0,
    "Foc": 7.0,
    "Hol": 4.0,
    "Imm": 15.0,
    "Lit": 3.0,
    "Mag": 4.5,
    "Name": "Eccentric's Breeches",
    "Phy": 6.5,
    "Poi": 6.0,
    "PoiPerWgt": 1.1764705882352942,
    "Robu": 31.0,
    "VSPie": 6.5,
    "VSSla": 6.2,
    "VSStr": 4.5,
    "Vita": 7.0,
    "Wgt": 5.1
},{
    "Fir": 6.2,
    "Foc": 7.0,
    "Hol": 4.0,
    "Imm": 16.0,
    "Lit": 3.8,
    "Mag": 4.5,
    "Name": "Elden Lord Greaves",
    "Phy": 6.5,
    "Poi": 7.0,
    "PoiPerWgt": 1.2727272727272727,
    "Robu": 31.0,
    "VSPie": 6.8,
    "VSSla": 6.2,
    "VSStr": 5.8,
    "Vita": 11.0,
    "Wgt": 5.5
},{
    "Fir": 7.3,
    "Foc": 47.0,
    "Hol": 7.6,
    "Imm": 24.0,
    "Lit": 7.2,
    "Mag": 7.6,
    "Name": "Errant Sorcerer Boots",
    "Phy": 3.0,
    "Poi": 1.0,
    "PoiPerWgt": 0.3225806451612903,
    "Robu": 15.0,
    "VSPie": 3.0,
    "VSSla": 3.8,
    "VSStr": 3.0,
    "Vita": 51.0,
    "Wgt": 3.1
},{
    "Fir": 6.2,
    "Foc": 13.0,
    "Hol": 5.4,
    "Imm": 17.0,
    "Lit": 3.8,
    "Mag": 4.5,
    "Name": "Exile Greaves",
    "Phy": 7.1,
    "Poi": 8.0,
    "PoiPerWgt": 1.4035087719298245,
    "Robu": 34.0,
    "VSPie": 7.1,
    "VSSla": 7.4,
    "VSStr": 5.4,
    "Vita": 11.0,
    "Wgt": 5.7
},{
    "Fir": 7.2,
    "Foc": 39.0,
    "Hol": 7.6,
    "Imm": 24.0,
    "Lit": 7.3,
    "Mag": 7.6,
    "Name": "Finger Maiden Shoes",
    "Phy": 3.0,
    "Poi": 1.0,
    "PoiPerWgt": 0.4,
    "Robu": 13.0,
    "VSPie": 1.5,
    "VSSla": 2.3,
    "VSStr": 2.3,
    "Vita": 39.0,
    "Wgt": 2.5
},{
    "Fir": 7.6,
    "Foc": 15.0,
    "Hol": 5.4,
    "Imm": 20.0,
    "Lit": 5.4,
    "Mag": 6.2,
    "Name": "Fire Monk Greaves",
    "Phy": 8.0,
    "Poi": 10.0,
    "PoiPerWgt": 1.36986301369863,
    "Robu": 34.0,
    "VSPie": 7.1,
    "VSSla": 7.7,
    "VSStr": 7.1,
    "Vita": 15.0,
    "Wgt": 7.3
},{
    "Fir": 6.5,
    "Foc": 34.0,
    "Hol": 6.2,
    "Imm": 39.0,
    "Lit": 6.8,
    "Mag": 6.2,
    "Name": "Foot Soldier Greaves",
    "Phy": 5.4,
    "Poi": 4.0,
    "PoiPerWgt": 0.7843137254901962,
    "Robu": 26.0,
    "VSPie": 5.4,
    "VSSla": 5.4,
    "VSStr": 5.8,
    "Vita": 34.0,
    "Wgt": 5.1
},{
    "Fir": 4.0,
    "Foc": 34.0,
    "Hol": 4.0,
    "Imm": 39.0,
    "Lit": 5.0,
    "Mag": 3.8,
    "Name": "Fur Leggings",
    "Phy": 3.4,
    "Poi": 1.0,
    "PoiPerWgt": 0.3225806451612903,
    "Robu": 26.0,
    "VSPie": 3.4,
    "VSSla": 3.4,
    "VSStr": 3.8,
    "Vita": 24.0,
    "Wgt": 3.1
},{
    "Fir": 7.1,
    "Foc": 15.0,
    "Hol": 6.2,
    "Imm": 22.0,
    "Lit": 5.8,
    "Mag": 6.2,
    "Name": "Gelmir Knight Greaves",
    "Phy": 7.7,
    "Poi": 11.0,
    "PoiPerWgt": 1.5068493150684932,
    "Robu": 34.0,
    "VSPie": 7.7,
    "VSSla": 8.0,
    "VSStr": 6.5,
    "Vita": 14.0,
    "Wgt": 7.3
},{
    "Fir": 6.8,
    "Foc": 15.0,
    "Hol": 6.2,
    "Imm": 22.0,
    "Lit": 5.4,
    "Mag": 6.2,
    "Name": "Godrick Knight Greaves",
    "Phy": 7.7,
    "Poi": 11.0,
    "PoiPerWgt": 1.5068493150684932,
    "Robu": 35.0,
    "VSPie": 7.4,
    "VSSla": 8.0,
    "VSStr": 6.8,
    "Vita": 15.0,
    "Wgt": 7.3
},{
    "Fir": 6.8,
    "Foc": 41.0,
    "Hol": 7.9,
    "Imm": 26.0,
    "Lit": 7.1,
    "Mag": 7.2,
    "Name": "Godskin Apostle Trousers",
    "Phy": 3.4,
    "Poi": 1.0,
    "PoiPerWgt": 0.4,
    "Robu": 13.0,
    "VSPie": 1.5,
    "VSSla": 3.0,
    "VSStr": 3.0,
    "Vita": 39.0,
    "Wgt": 2.5
},{
    "Fir": 6.5,
    "Foc": 37.0,
    "Hol": 6.8,
    "Imm": 47.0,
    "Lit": 6.8,
    "Mag": 6.8,
    "Name": "Guardian Greaves",
    "Phy": 6.2,
    "Poi": 3.0,
    "PoiPerWgt": 0.5454545454545454,
    "Robu": 31.0,
    "VSPie": 5.4,
    "VSSla": 5.8,
    "VSStr": 5.8,
    "Vita": 35.0,
    "Wgt": 5.5
},{
    "Fir": 5.8,
    "Foc": 14.0,
    "Hol": 5.8,
    "Imm": 20.0,
    "Lit": 4.5,
    "Mag": 5.4,
    "Name": "Haligtree Greaves",
    "Phy": 7.4,
    "Poi": 9.0,
    "PoiPerWgt": 1.3636363636363638,
    "Robu": 34.0,
    "VSPie": 7.4,
    "VSSla": 7.1,
    "VSStr": 6.8,
    "Vita": 15.0,
    "Wgt": 6.6
},{
    "Fir": 6.8,
    "Foc": 15.0,
    "Hol": 5.8,
    "Imm": 24.0,
    "Lit": 5.8,
    "Mag": 6.2,
    "Name": "Hoslow's Greaves",
    "Phy": 8.0,
    "Poi": 10.0,
    "PoiPerWgt": 1.36986301369863,
    "Robu": 37.0,
    "VSPie": 7.1,
    "VSSla": 7.7,
    "VSStr": 6.8,
    "Vita": 15.0,
    "Wgt": 7.3
},{
    "Fir": 4.5,
    "Foc": 7.0,
    "Hol": 4.0,
    "Imm": 15.0,
    "Lit": 3.8,
    "Mag": 4.0,
    "Name": "Kaiden Trousers",
    "Phy": 6.5,
    "Poi": 7.0,
    "PoiPerWgt": 1.3725490196078431,
    "Robu": 26.0,
    "VSPie": 6.5,
    "VSSla": 6.5,
    "VSStr": 4.6,
    "Vita": 7.0,
    "Wgt": 5.1
},{
    "Fir": 6.2,
    "Foc": 11.0,
    "Hol": 5.0,
    "Imm": 17.0,
    "Lit": 5.4,
    "Mag": 6.2,
    "Name": "Knight Greaves",
    "Phy": 7.1,
    "Poi": 11.0,
    "PoiPerWgt": 1.6666666666666667,
    "Robu": 31.0,
    "VSPie": 7.7,
    "VSSla": 7.7,
    "VSStr": 6.8,
    "Vita": 11.0,
    "Wgt": 6.6
},{
    "Fir": 6.5,
    "Foc": 31.0,
    "Hol": 6.2,
    "Imm": 37.0,
    "Lit": 6.8,
    "Mag": 5.8,
    "Name": "Land of Reeds Greaves",
    "Phy": 5.0,
    "Poi": 4.0,
    "PoiPerWgt": 0.7843137254901962,
    "Robu": 31.0,
    "VSPie": 5.4,
    "VSSla": 6.8,
    "VSStr": 5.4,
    "Vita": 34.0,
    "Wgt": 5.1
},{
    "Fir": 5.4,
    "Foc": 11.0,
    "Hol": 4.5,
    "Imm": 16.0,
    "Lit": 3.4,
    "Mag": 5.0,
    "Name": "Leather Trousers",
    "Phy": 6.5,
    "Poi": 8.0,
    "PoiPerWgt": 1.4545454545454546,
    "Robu": 29.0,
    "VSPie": 6.8,
    "VSSla": 6.8,
    "VSStr": 5.4,
    "Vita": 7.0,
    "Wgt": 5.5
},{
    "Fir": 8.5,
    "Foc": 26.0,
    "Hol": 7.7,
    "Imm": 39.0,
    "Lit": 7.4,
    "Mag": 7.7,
    "Name": "Lionel's Greaves",
    "Phy": 10.1,
    "Poi": 22.0,
    "PoiPerWgt": 1.6793893129770994,
    "Robu": 61.0,
    "VSPie": 11.4,
    "VSSla": 11.1,
    "VSStr": 9.4,
    "Vita": 31.0,
    "Wgt": 13.1
},{
    "Fir": 7.4,
    "Foc": 24.0,
    "Hol": 7.4,
    "Imm": 35.0,
    "Lit": 7.9,
    "Mag": 7.4,
    "Name": "Malformed Dragon Greaves",
    "Phy": 9.6,
    "Poi": 16.0,
    "PoiPerWgt": 1.6161616161616161,
    "Robu": 47.0,
    "VSPie": 9.6,
    "VSSla": 10.1,
    "VSStr": 8.6,
    "Vita": 24.0,
    "Wgt": 9.9
},{
    "Fir": 6.5,
    "Foc": 15.0,
    "Hol": 7.3,
    "Imm": 22.0,
    "Lit": 5.4,
    "Mag": 6.2,
    "Name": "Maliketh's Greaves",
    "Phy": 7.7,
    "Poi": 11.0,
    "PoiPerWgt": 1.3924050632911391,
    "Robu": 35.0,
    "VSPie": 7.7,
    "VSSla": 8.0,
    "VSStr": 6.8,
    "Vita": 31.0,
    "Wgt": 7.9
},{
    "Fir": 3.0,
    "Foc": 56.0,
    "Hol": 7.4,
    "Imm": 63.0,
    "Lit": 7.4,
    "Mag": 7.6,
    "Name": "Mushroom Legs",
    "Phy": 3.4,
    "Poi": 1.0,
    "PoiPerWgt": 0.3225806451612903,
    "Robu": 15.0,
    "VSPie": 3.0,
    "VSSla": 1.5,
    "VSStr": 4.0,
    "Vita": 47.0,
    "Wgt": 3.1
},{
    "Fir": 7.7,
    "Foc": 47.0,
    "Hol": 7.6,
    "Imm": 29.0,
    "Lit": 7.4,
    "Mag": 7.6,
    "Name": "Noble's Trousers",
    "Phy": 3.4,
    "Poi": 1.0,
    "PoiPerWgt": 0.25641025641025644,
    "Robu": 15.0,
    "VSPie": 3.8,
    "VSSla": 3.4,
    "VSStr": 3.8,
    "Vita": 51.0,
    "Wgt": 3.9
},{
    "Fir": 5.4,
    "Foc": 29.0,
    "Hol": 5.8,
    "Imm": 41.0,
    "Lit": 6.5,
    "Mag": 4.0,
    "Name": "Omenkiller Boots",
    "Phy": 5.0,
    "Poi": 4.0,
    "PoiPerWgt": 0.9090909090909091,
    "Robu": 17.0,
    "VSPie": 4.0,
    "VSSla": 4.0,
    "VSStr": 4.5,
    "Vita": 29.0,
    "Wgt": 4.4
},{
    "Fir": 6.8,
    "Foc": 37.0,
    "Hol": 7.3,
    "Imm": 22.0,
    "Lit": 7.1,
    "Mag": 7.6,
    "Name": "Queen's Leggings",
    "Phy": 2.3,
    "Poi": 1.0,
    "PoiPerWgt": 0.5,
    "Robu": 14.0,
    "VSPie": 0.3,
    "VSSla": 1.5,
    "VSStr": 1.5,
    "Vita": 41.0,
    "Wgt": 2.0
},{
    "Fir": 7.1,
    "Foc": 44.0,
    "Hol": 7.3,
    "Imm": 24.0,
    "Lit": 7.3,
    "Mag": 7.2,
    "Name": "Page Trousers",
    "Phy": 3.4,
    "Poi": 1.0,
    "PoiPerWgt": 0.4,
    "Robu": 13.0,
    "VSPie": 2.3,
    "VSSla": 2.3,
    "VSStr": 3.0,
    "Vita": 44.0,
    "Wgt": 2.5
},{
    "Fir": 7.6,
    "Foc": 51.0,
    "Hol": 7.3,
    "Imm": 31.0,
    "Lit": 7.3,
    "Mag": 8.3,
    "Name": "Preceptor's Trousers",
    "Phy": 3.4,
    "Poi": 2.0,
    "PoiPerWgt": 0.5128205128205129,
    "Robu": 15.0,
    "VSPie": 3.4,
    "VSSla": 3.4,
    "VSStr": 3.8,
    "Vita": 47.0,
    "Wgt": 3.9
},{
    "Fir": 6.5,
    "Foc": 39.0,
    "Hol": 7.2,
    "Imm": 26.0,
    "Lit": 6.5,
    "Mag": 6.8,
    "Name": "Prisoner Trousers",
    "Phy": 2.3,
    "Poi": 1.0,
    "PoiPerWgt": 0.5,
    "Robu": 14.0,
    "VSPie": 2.3,
    "VSSla": 3.0,
    "VSStr": 3.0,
    "Vita": 39.0,
    "Wgt": 2.0
},{
    "Fir": 7.3,
    "Foc": 47.0,
    "Hol": 7.6,
    "Imm": 26.0,
    "Lit": 7.2,
    "Mag": 7.6,
    "Name": "Prophet Trousers",
    "Phy": 3.0,
    "Poi": 1.0,
    "PoiPerWgt": 0.3225806451612903,
    "Robu": 14.0,
    "VSPie": 3.0,
    "VSSla": 3.4,
    "VSStr": 3.4,
    "Vita": 51.0,
    "Wgt": 3.1
},{
    "Fir": 8.1,
    "Foc": 26.0,
    "Hol": 7.7,
    "Imm": 37.0,
    "Lit": 7.2,
    "Mag": 7.7,
    "Name": "Radahn's Greaves",
    "Phy": 10.8,
    "Poi": 17.0,
    "PoiPerWgt": 1.574074074074074,
    "Robu": 61.0,
    "VSPie": 10.1,
    "VSSla": 10.6,
    "VSStr": 8.6,
    "Vita": 24.0,
    "Wgt": 10.8
},{
    "Fir": 6.5,
    "Foc": 14.0,
    "Hol": 5.4,
    "Imm": 20.0,
    "Lit": 4.5,
    "Mag": 5.8,
    "Name": "Radahn Soldier Greaves",
    "Phy": 7.7,
    "Poi": 10.0,
    "PoiPerWgt": 1.5151515151515151,
    "Robu": 31.0,
    "VSPie": 6.8,
    "VSSla": 7.1,
    "VSStr": 6.2,
    "Vita": 15.0,
    "Wgt": 6.6
},{
    "Fir": 6.3,
    "Foc": 11.0,
    "Hol": 5.2,
    "Imm": 19.0,
    "Lit": 3.8,
    "Mag": 5.6,
    "Name": "Raging Wolf Greaves",
    "Phy": 7.5,
    "Poi": 9.0,
    "PoiPerWgt": 1.4285714285714286,
    "Robu": 34.0,
    "VSPie": 7.2,
    "VSSla": 7.5,
    "VSStr": 6.6,
    "Vita": 11.0,
    "Wgt": 6.3
},{
    "Fir": 6.2,
    "Foc": 14.0,
    "Hol": 5.0,
    "Imm": 20.0,
    "Lit": 4.0,
    "Mag": 6.2,
    "Name": "Raya Lucarian Greaves",
    "Phy": 7.4,
    "Poi": 10.0,
    "PoiPerWgt": 1.5151515151515151,
    "Robu": 34.0,
    "VSPie": 7.4,
    "VSSla": 7.7,
    "VSStr": 6.2,
    "Vita": 14.0,
    "Wgt": 6.6
},{
    "Fir": 6.5,
    "Foc": 15.0,
    "Hol": 6.2,
    "Imm": 35.0,
    "Lit": 5.8,
    "Mag": 6.2,
    "Name": "Rotten Duelist Greaves",
    "Phy": 7.4,
    "Poi": 10.0,
    "PoiPerWgt": 1.36986301369863,
    "Robu": 35.0,
    "VSPie": 7.1,
    "VSSla": 7.7,
    "VSStr": 6.2,
    "Vita": 15.0,
    "Wgt": 7.3
},{
    "Fir": 7.1,
    "Foc": 39.0,
    "Hol": 7.6,
    "Imm": 22.0,
    "Lit": 7.3,
    "Mag": 7.6,
    "Name": "Sage Trousers",
    "Phy": 3.4,
    "Poi": 1.0,
    "PoiPerWgt": 0.4,
    "Robu": 13.0,
    "VSPie": 1.5,
    "VSSla": 3.0,
    "VSStr": 3.0,
    "Vita": 41.0,
    "Wgt": 2.5
},{
    "Fir": 6.5,
    "Foc": 44.0,
    "Hol": 7.6,
    "Imm": 29.0,
    "Lit": 7.3,
    "Mag": 7.4,
    "Name": "Sanguine Noble Waistcloth",
    "Phy": 3.0,
    "Poi": 1.0,
    "PoiPerWgt": 0.4,
    "Robu": 11.0,
    "VSPie": 2.3,
    "VSSla": 2.3,
    "VSStr": 2.3,
    "Vita": 41.0,
    "Wgt": 2.5
},{
    "Fir": 8.1,
    "Foc": 24.0,
    "Hol": 7.7,
    "Imm": 35.0,
    "Lit": 7.4,
    "Mag": 7.7,
    "Name": "Scaled Greaves",
    "Phy": 9.2,
    "Poi": 16.0,
    "PoiPerWgt": 1.6161616161616161,
    "Robu": 51.0,
    "VSPie": 9.2,
    "VSSla": 9.6,
    "VSStr": 8.0,
    "Vita": 24.0,
    "Wgt": 9.9
},{
    "Fir": 7.4,
    "Foc": 44.0,
    "Hol": 7.4,
    "Imm": 24.0,
    "Lit": 7.3,
    "Mag": 7.4,
    "Name": "Snow Witch Skirt",
    "Phy": 3.0,
    "Poi": 1.0,
    "PoiPerWgt": 0.3225806451612903,
    "Robu": 20.0,
    "VSPie": 2.3,
    "VSSla": 3.4,
    "VSStr": 3.4,
    "Vita": 44.0,
    "Wgt": 3.1
},{
    "Fir": 7.1,
    "Foc": 39.0,
    "Hol": 7.2,
    "Imm": 24.0,
    "Lit": 6.8,
    "Mag": 7.3,
    "Name": "Sorcerer Leggings",
    "Phy": 2.3,
    "Poi": 1.0,
    "PoiPerWgt": 0.5,
    "Robu": 7.0,
    "VSPie": 0.3,
    "VSSla": 3.0,
    "VSStr": 3.0,
    "Vita": 37.0,
    "Wgt": 2.0
},{
    "Fir": 7.3,
    "Foc": 41.0,
    "Hol": 7.3,
    "Imm": 34.0,
    "Lit": 7.1,
    "Mag": 7.3,
    "Name": "Traveler's Slops",
    "Phy": 3.0,
    "Poi": 1.0,
    "PoiPerWgt": 0.4,
    "Robu": 13.0,
    "VSPie": 1.5,
    "VSSla": 2.3,
    "VSStr": 3.0,
    "Vita": 39.0,
    "Wgt": 2.5
},{
    "Fir": 7.3,
    "Foc": 47.0,
    "Hol": 7.6,
    "Imm": 29.0,
    "Lit": 7.4,
    "Mag": 7.6,
    "Name": "Traveling Maiden Boots",
    "Phy": 3.0,
    "Poi": 1.0,
    "PoiPerWgt": 0.3225806451612903,
    "Robu": 15.0,
    "VSPie": 2.3,
    "VSSla": 3.4,
    "VSStr": 3.4,
    "Vita": 51.0,
    "Wgt": 3.1
},{
    "Fir": 6.5,
    "Foc": 13.0,
    "Hol": 5.8,
    "Imm": 20.0,
    "Lit": 5.0,
    "Mag": 6.5,
    "Name": "Twinned Greaves",
    "Phy": 7.7,
    "Poi": 10.0,
    "PoiPerWgt": 1.36986301369863,
    "Robu": 34.0,
    "VSPie": 6.8,
    "VSSla": 8.4,
    "VSStr": 7.1,
    "Vita": 34.0,
    "Wgt": 7.3
},{
    "Fir": 6.2,
    "Foc": 31.0,
    "Hol": 5.4,
    "Imm": 39.0,
    "Lit": 6.8,
    "Mag": 5.8,
    "Name": "Warrior Greaves",
    "Phy": 5.4,
    "Poi": 4.0,
    "PoiPerWgt": 0.8333333333333334,
    "Robu": 26.0,
    "VSPie": 4.5,
    "VSSla": 4.5,
    "VSStr": 5.4,
    "Vita": 31.0,
    "Wgt": 4.8
},{
    "Fir": 5.8,
    "Foc": 13.0,
    "Hol": 4.5,
    "Imm": 20.0,
    "Lit": 4.5,
    "Mag": 5.0,
    "Name": "Vagabond Knight Greaves",
    "Phy": 7.4,
    "Poi": 8.0,
    "PoiPerWgt": 1.4035087719298245,
    "Robu": 34.0,
    "VSPie": 6.5,
    "VSSla": 6.8,
    "VSStr": 5.8,
    "Vita": 13.0,
    "Wgt": 5.7
},{
    "Fir": 8.1,
    "Foc": 29.0,
    "Hol": 7.6,
    "Imm": 39.0,
    "Lit": 7.3,
    "Mag": 7.7,
    "Name": "Veteran's Greaves",
    "Phy": 10.8,
    "Poi": 22.0,
    "PoiPerWgt": 1.8803418803418805,
    "Robu": 56.0,
    "VSPie": 10.1,
    "VSSla": 10.8,
    "VSStr": 9.8,
    "Vita": 29.0,
    "Wgt": 11.7
},{
    "Fir": 6.2,
    "Foc": 34.0,
    "Hol": 5.8,
    "Imm": 41.0,
    "Lit": 6.8,
    "Mag": 6.2,
    "Name": "White Reed Greaves",
    "Phy": 5.4,
    "Poi": 4.0,
    "PoiPerWgt": 0.7843137254901962,
    "Robu": 26.0,
    "VSPie": 5.0,
    "VSSla": 6.5,
    "VSStr": 5.4,
    "Vita": 31.0,
    "Wgt": 5.1
},{
    "Fir": 4.5,
    "Foc": 0.0,
    "Hol": 4.0,
    "Imm": 11.0,
    "Lit": 3.0,
    "Mag": 4.5,
    "Name": "Zamor Legwraps",
    "Phy": 6.5,
    "Poi": 7.0,
    "PoiPerWgt": 1.3725490196078431,
    "Robu": 37.0,
    "VSPie": 5.8,
    "VSSla": 6.8,
    "VSStr": 5.0,
    "Vita": 7.0,
    "Wgt": 5.1
},{
    "Fir": 6.5,
    "Foc": 13.0,
    "Hol": 5.8,
    "Imm": 16.0,
    "Lit": 5.0,
    "Mag": 5.8,
    "Name": "Drake Knight Greaves",
    "Phy": 6.5,
    "Poi": 8.0,
    "PoiPerWgt": 1.4035087719298245,
    "Robu": 29.0,
    "VSPie": 6.5,
    "VSSla": 6.8,
    "VSStr": 5.4,
    "Vita": 13.0,
    "Wgt": 5.7
},{
    "Fir": 6.8,
    "Foc": 39.0,
    "Hol": 7.3,
    "Imm": 37.0,
    "Lit": 7.1,
    "Mag": 7.3,
    "Name": "Perfumer Sarong",
    "Phy": 2.3,
    "Poi": 1.0,
    "PoiPerWgt": 0.4,
    "Robu": 11.0,
    "VSPie": 2.3,
    "VSSla": 3.0,
    "VSStr": 3.4,
    "Vita": 41.0,
    "Wgt": 2.5
},{
    "Fir": 6.7,
    "Foc": 38.0,
    "Hol": 7.3,
    "Imm": 25.0,
    "Lit": 7.0,
    "Mag": 7.3,
    "Name": "Spellblade's Trousers",
    "Phy": 2.9,
    "Poi": 1.0,
    "PoiPerWgt": 0.3846153846153846,
    "Robu": 13.0,
    "VSPie": 2.9,
    "VSSla": 2.9,
    "VSStr": 2.2,
    "Vita": 41.0,
    "Wgt": 2.6
},{
    "Fir": 7.1,
    "Foc": 36.0,
    "Hol": 6.8,
    "Imm": 46.0,
    "Lit": 7.3,
    "Mag": 6.8,
    "Name": "Ronin's Greaves",
    "Phy": 6.2,
    "Poi": 5.0,
    "PoiPerWgt": 0.8771929824561403,
    "Robu": 35.0,
    "VSPie": 6.2,
    "VSSla": 6.5,
    "VSStr": 6.2,
    "Vita": 38.0,
    "Wgt": 5.7
},{
    "Fir": 7.3,
    "Foc": 16.0,
    "Hol": 6.8,
    "Imm": 24.0,
    "Lit": 6.2,
    "Mag": 6.5,
    "Name": "Blaidd's Greaves",
    "Phy": 8.4,
    "Poi": 14.0,
    "PoiPerWgt": 1.6470588235294117,
    "Robu": 39.0,
    "VSPie": 8.8,
    "VSSla": 8.4,
    "VSStr": 7.3,
    "Vita": 16.0,
    "Wgt": 8.5
},{
    "Fir": 7.2,
    "Foc": 15.0,
    "Hol": 7.2,
    "Imm": 24.0,
    "Lit": 6.2,
    "Mag": 6.2,
    "Name": "Night's Cavalry Greaves",
    "Phy": 8.0,
    "Poi": 12.0,
    "PoiPerWgt": 1.5189873417721518,
    "Robu": 35.0,
    "VSPie": 7.7,
    "VSSla": 8.0,
    "VSStr": 7.3,
    "Vita": 15.0,
    "Wgt": 7.9
},{
    "Fir": 5.4,
    "Foc": 7.0,
    "Hol": 4.0,
    "Imm": 15.0,
    "Lit": 4.0,
    "Mag": 5.8,
    "Name": "Blue Silver Mail Skirt",
    "Phy": 6.8,
    "Poi": 7.0,
    "PoiPerWgt": 1.2727272727272727,
    "Robu": 35.0,
    "VSPie": 6.2,
    "VSSla": 7.1,
    "VSStr": 5.0,
    "Vita": 7.0,
    "Wgt": 5.5
},{
    "Fir": 5.4,
    "Foc": 44.0,
    "Hol": 5.0,
    "Imm": 35.0,
    "Lit": 5.4,
    "Mag": 5.4,
    "Name": "Nomadic Merchant's Trousers",
    "Phy": 4.5,
    "Poi": 2.0,
    "PoiPerWgt": 0.45454545454545453,
    "Robu": 20.0,
    "VSPie": 3.8,
    "VSSla": 4.0,
    "VSStr": 5.0,
    "Vita": 29.0,
    "Wgt": 4.4
},{
    "Fir": 9.9,
    "Foc": 26.0,
    "Hol": 8.1,
    "Imm": 41.0,
    "Lit": 7.2,
    "Mag": 7.4,
    "Name": "Tree Sentinel Greaves",
    "Phy": 10.8,
    "Poi": 17.0,
    "PoiPerWgt": 1.4529914529914532,
    "Robu": 56.0,
    "VSPie": 10.1,
    "VSSla": 10.8,
    "VSStr": 8.6,
    "Vita": 29.0,
    "Wgt": 11.7
},{
    "Fir": 7.6,
    "Foc": 22.0,
    "Hol": 7.4,
    "Imm": 31.0,
    "Lit": 7.1,
    "Mag": 8.1,
    "Name": "Royal Knight Greaves",
    "Phy": 9.2,
    "Poi": 14.0,
    "PoiPerWgt": 1.4583333333333335,
    "Robu": 41.0,
    "VSPie": 9.6,
    "VSSla": 10.1,
    "VSStr": 8.3,
    "Vita": 22.0,
    "Wgt": 9.6
},{
    "Fir": 6.8,
    "Foc": 31.0,
    "Hol": 5.8,
    "Imm": 39.0,
    "Lit": 6.8,
    "Mag": 7.1,
    "Name": "Nox Monk Greaves",
    "Phy": 5.4,
    "Poi": 4.0,
    "PoiPerWgt": 0.7843137254901962,
    "Robu": 26.0,
    "VSPie": 5.0,
    "VSSla": 5.4,
    "VSStr": 5.8,
    "Vita": 31.0,
    "Wgt": 5.1
},{
    "Fir": 4.0,
    "Foc": 34.0,
    "Hol": 3.8,
    "Imm": 39.0,
    "Lit": 4.5,
    "Mag": 4.5,
    "Name": "Shaman Leggings",
    "Phy": 3.0,
    "Poi": 1.0,
    "PoiPerWgt": 0.3225806451612903,
    "Robu": 26.0,
    "VSPie": 4.5,
    "VSSla": 3.0,
    "VSStr": 3.4,
    "Vita": 22.0,
    "Wgt": 3.1
},{
    "Fir": 6.8,
    "Foc": 15.0,
    "Hol": 6.2,
    "Imm": 29.0,
    "Lit": 5.4,
    "Mag": 5.8,
    "Name": "Duelist Greaves",
    "Phy": 8.0,
    "Poi": 11.0,
    "PoiPerWgt": 1.5068493150684932,
    "Robu": 31.0,
    "VSPie": 7.4,
    "VSSla": 8.0,
    "VSStr": 7.1,
    "Vita": 15.0,
    "Wgt": 7.3
},{
    "Fir": 11.5,
    "Foc": 56.0,
    "Hol": 7.6,
    "Imm": 41.0,
    "Lit": 7.4,
    "Mag": 7.7,
    "Name": "Fire Prelate Greaves",
    "Phy": 11.1,
    "Poi": 24.0,
    "PoiPerWgt": 1.5686274509803921,
    "Robu": 39.0,
    "VSPie": 10.6,
    "VSSla": 10.6,
    "VSStr": 9.8,
    "Vita": 31.0,
    "Wgt": 15.3
},{
    "Fir": 3.8,
    "Foc": 23.0,
    "Hol": 3.6,
    "Imm": 29.0,
    "Lit": 4.3,
    "Mag": 3.6,
    "Name": "Aristocrat Boots",
    "Phy": 4.3,
    "Poi": 1.0,
    "PoiPerWgt": 0.3448275862068966,
    "Robu": 21.0,
    "VSPie": 4.3,
    "VSSla": 4.3,
    "VSStr": 4.8,
    "Vita": 19.0,
    "Wgt": 2.9
},{
    "Fir": 5.0,
    "Foc": 17.0,
    "Hol": 3.4,
    "Imm": 22.0,
    "Lit": 4.5,
    "Mag": 4.5,
    "Name": "Old Aristocrat Shoes",
    "Phy": 3.4,
    "Poi": 1.0,
    "PoiPerWgt": 0.5,
    "Robu": 15.0,
    "VSPie": 3.4,
    "VSSla": 3.0,
    "VSStr": 3.4,
    "Vita": 20.0,
    "Wgt": 2.0
},{
    "Fir": 6.2,
    "Foc": 34.0,
    "Hol": 6.2,
    "Imm": 44.0,
    "Lit": 6.5,
    "Mag": 6.2,
    "Name": "Vulgar Militia Greaves",
    "Phy": 5.4,
    "Poi": 4.0,
    "PoiPerWgt": 0.7843137254901962,
    "Robu": 24.0,
    "VSPie": 5.0,
    "VSSla": 5.8,
    "VSStr": 6.2,
    "Vita": 34.0,
    "Wgt": 5.1
},{
    "Fir": 6.5,
    "Foc": 39.0,
    "Hol": 7.7,
    "Imm": 24.0,
    "Lit": 6.8,
    "Mag": 7.2,
    "Name": "Godskin Noble Trousers",
    "Phy": 2.3,
    "Poi": 1.0,
    "PoiPerWgt": 0.4,
    "Robu": 14.0,
    "VSPie": 2.3,
    "VSSla": 3.0,
    "VSStr": 4.5,
    "Vita": 41.0,
    "Wgt": 2.5
},{
    "Fir": 7.5,
    "Foc": 40.0,
    "Hol": 7.5,
    "Imm": 46.0,
    "Lit": 7.3,
    "Mag": 7.8,
    "Name": "Depraved Perfumer Trousers",
    "Phy": 3.9,
    "Poi": 2.0,
    "PoiPerWgt": 0.46511627906976744,
    "Robu": 15.0,
    "VSPie": 3.3,
    "VSSla": 3.7,
    "VSStr": 3.9,
    "Vita": 58.0,
    "Wgt": 4.3
},{
    "Fir": 6.8,
    "Foc": 39.0,
    "Hol": 7.3,
    "Imm": 24.0,
    "Lit": 7.2,
    "Mag": 8.1,
    "Name": "Old Sorcerer's Legwraps",
    "Phy": 3.4,
    "Poi": 1.0,
    "PoiPerWgt": 0.4,
    "Robu": 13.0,
    "VSPie": 1.5,
    "VSSla": 3.4,
    "VSStr": 1.5,
    "Vita": 44.0,
    "Wgt": 2.5
},{
    "Fir": 5.7,
    "Foc": 23.0,
    "Hol": 5.7,
    "Imm": 33.0,
    "Lit": 6.1,
    "Mag": 5.3,
    "Name": "War Surgeon Trousers",
    "Phy": 3.9,
    "Poi": 3.0,
    "PoiPerWgt": 0.7142857142857143,
    "Robu": 23.0,
    "VSPie": 3.9,
    "VSSla": 4.9,
    "VSStr": 4.4,
    "Vita": 31.0,
    "Wgt": 4.2
},{
    "Fir": 5.8,
    "Foc": 15.0,
    "Hol": 5.0,
    "Imm": 22.0,
    "Lit": 4.5,
    "Mag": 5.4,
    "Name": "Royal Remains Greaves",
    "Phy": 6.8,
    "Poi": 9.0,
    "PoiPerWgt": 1.3636363636363638,
    "Robu": 35.0,
    "VSPie": 6.8,
    "VSSla": 7.4,
    "VSStr": 6.5,
    "Vita": 7.0,
    "Wgt": 6.6
},{
    "Fir": 7.2,
    "Foc": 47.0,
    "Hol": 7.4,
    "Imm": 29.0,
    "Lit": 7.3,
    "Mag": 7.4,
    "Name": "Brave's Legwraps",
    "Phy": 3.4,
    "Poi": 1.0,
    "PoiPerWgt": 0.3225806451612903,
    "Robu": 15.0,
    "VSPie": 3.0,
    "VSSla": 3.4,
    "VSStr": 3.4,
    "Vita": 47.0,
    "Wgt": 3.1
},{
    "Fir": 5.4,
    "Foc": 11.0,
    "Hol": 6.2,
    "Imm": 31.0,
    "Lit": 3.8,
    "Mag": 4.5,
    "Name": "Malenia's Greaves",
    "Phy": 7.1,
    "Poi": 8.0,
    "PoiPerWgt": 1.4035087719298245,
    "Robu": 26.0,
    "VSPie": 6.5,
    "VSSla": 7.4,
    "VSStr": 5.4,
    "Vita": 11.0,
    "Wgt": 5.7
},{
    "Fir": 7.2,
    "Foc": 7.0,
    "Hol": 5.4,
    "Imm": 20.0,
    "Lit": 3.8,
    "Mag": 5.4,
    "Name": "Fingerprint Greaves",
    "Phy": 7.7,
    "Poi": 11.0,
    "PoiPerWgt": 1.6666666666666667,
    "Robu": 37.0,
    "VSPie": 6.8,
    "VSSla": 6.8,
    "VSStr": 6.8,
    "Vita": 14.0,
    "Wgt": 6.6
},{
    "Fir": 8.3,
    "Foc": 35.0,
    "Hol": 7.9,
    "Imm": 41.0,
    "Lit": 8.5,
    "Mag": 7.4,
    "Name": "Omen Greaves",
    "Phy": 10.6,
    "Poi": 24.0,
    "PoiPerWgt": 1.6783216783216783,
    "Robu": 39.0,
    "VSPie": 10.8,
    "VSSla": 10.8,
    "VSStr": 8.6,
    "Vita": 47.0,
    "Wgt": 14.3
},{
    "Fir": 6.8,
    "Foc": 39.0,
    "Hol": 7.2,
    "Imm": 26.0,
    "Lit": 7.1,
    "Mag": 7.4,
    "Name": "Battlemage Legwraps",
    "Phy": 3.0,
    "Poi": 1.0,
    "PoiPerWgt": 0.4,
    "Robu": 14.0,
    "VSPie": 3.0,
    "VSSla": 2.3,
    "VSStr": 3.4,
    "Vita": 44.0,
    "Wgt": 2.5
},{
    "Fir": 7.3,
    "Foc": 47.0,
    "Hol": 7.2,
    "Imm": 24.0,
    "Lit": 7.4,
    "Mag": 7.7,
    "Name": "Traveler's Boots",
    "Phy": 3.8,
    "Poi": 1.0,
    "PoiPerWgt": 0.3225806451612903,
    "Robu": 15.0,
    "VSPie": 2.3,
    "VSSla": 3.0,
    "VSStr": 3.4,
    "Vita": 47.0,
    "Wgt": 3.1
},{
    "Fir": 7.4,
    "Foc": 56.0,
    "Hol": 8.1,
    "Imm": 35.0,
    "Lit": 7.6,
    "Mag": 7.6,
    "Name": "Gold Waistwrap",
    "Phy": 4.0,
    "Poi": 3.0,
    "PoiPerWgt": 0.6818181818181818,
    "Robu": 15.0,
    "VSPie": 3.0,
    "VSSla": 3.8,
    "VSStr": 3.8,
    "Vita": 56.0,
    "Wgt": 4.4
},{
    "Fir": 5.4,
    "Foc": 26.0,
    "Hol": 5.8,
    "Imm": 37.0,
    "Lit": 5.8,
    "Mag": 5.4,
    "Name": "Leather Boots",
    "Phy": 4.5,
    "Poi": 1.0,
    "PoiPerWgt": 0.22727272727272727,
    "Robu": 22.0,
    "VSPie": 5.0,
    "VSSla": 4.5,
    "VSStr": 5.4,
    "Vita": 31.0,
    "Wgt": 4.4
},{
    "Fir": 6.2,
    "Foc": 14.0,
    "Hol": 5.4,
    "Imm": 20.0,
    "Lit": 4.5,
    "Mag": 5.8,
    "Name": "Godrick Soldier Greaves",
    "Phy": 7.4,
    "Poi": 10.0,
    "PoiPerWgt": 1.5151515151515151,
    "Robu": 34.0,
    "VSPie": 7.1,
    "VSSla": 7.4,
    "VSStr": 6.5,
    "Vita": 14.0,
    "Wgt": 6.6
},{
    "Fir": 5.8,
    "Foc": 14.0,
    "Hol": 5.4,
    "Imm": 20.0,
    "Lit": 5.0,
    "Mag": 5.4,
    "Name": "Leyndell Soldier Greaves",
    "Phy": 7.4,
    "Poi": 10.0,
    "PoiPerWgt": 1.5151515151515151,
    "Robu": 34.0,
    "VSPie": 7.4,
    "VSSla": 7.1,
    "VSStr": 6.8,
    "Vita": 14.0,
    "Wgt": 6.6
},{
    "Fir": 5.8,
    "Foc": 14.0,
    "Hol": 5.8,
    "Imm": 20.0,
    "Lit": 5.0,
    "Mag": 5.8,
    "Name": "Mausoleum Greaves",
    "Phy": 7.4,
    "Poi": 11.0,
    "PoiPerWgt": 1.6666666666666667,
    "Robu": 31.0,
    "VSPie": 7.1,
    "VSSla": 7.7,
    "VSStr": 6.2,
    "Vita": 13.0,
    "Wgt": 6.6
},{
    "Fir": 6.8,
    "Foc": 15.0,
    "Hol": 5.8,
    "Imm": 20.0,
    "Lit": 5.0,
    "Mag": 7.1,
    "Name": "Cuckoo Knight Greaves",
    "Phy": 7.7,
    "Poi": 11.0,
    "PoiPerWgt": 1.5068493150684932,
    "Robu": 35.0,
    "VSPie": 7.7,
    "VSSla": 8.4,
    "VSStr": 6.5,
    "Vita": 15.0,
    "Wgt": 7.3
},{
    "Fir": 6.5,
    "Foc": 15.0,
    "Hol": 6.2,
    "Imm": 22.0,
    "Lit": 5.8,
    "Mag": 5.8,
    "Name": "Leyndell Knight Greaves",
    "Phy": 7.7,
    "Poi": 11.0,
    "PoiPerWgt": 1.5068493150684932,
    "Robu": 35.0,
    "VSPie": 7.7,
    "VSSla": 7.7,
    "VSStr": 7.1,
    "Vita": 15.0,
    "Wgt": 7.3
},{
    "Fir": 7.3,
    "Foc": 15.0,
    "Hol": 6.2,
    "Imm": 22.0,
    "Lit": 5.4,
    "Mag": 6.2,
    "Name": "Redmane Knight Greaves",
    "Phy": 7.7,
    "Poi": 11.0,
    "PoiPerWgt": 1.5068493150684932,
    "Robu": 34.0,
    "VSPie": 7.1,
    "VSSla": 7.7,
    "VSStr": 6.5,
    "Vita": 15.0,
    "Wgt": 7.3
},{
    "Fir": 6.5,
    "Foc": 15.0,
    "Hol": 6.5,
    "Imm": 22.0,
    "Lit": 5.8,
    "Mag": 6.2,
    "Name": "Mausoleum Knight Greaves",
    "Phy": 7.7,
    "Poi": 12.0,
    "PoiPerWgt": 1.6438356164383563,
    "Robu": 34.0,
    "VSPie": 7.4,
    "VSSla": 8.4,
    "VSStr": 6.5,
    "Vita": 14.0,
    "Wgt": 7.3
}]
